OrderDate,Region,Category,Channel,Product,Units,UnitPrice,Discount,Revenue,Profit,CustomerSatisfaction
2023-01-01,South,Books,Online,P-011,10,25.44,0.34,167.9,12.47,2.55
2023-01-02,West,Sports,Retail,P-006,2,733.95,0.2,1174.32,79.98,4.79
2023-01-02,South,Sports,Retail,P-015,6,475.44,0.16,2396.22,662.59,2.96
2023-01-04,West,Apparel,Wholesale,P-030,8,484.96,0.29,2754.57,340.26,4.12
2023-01-04,West,Home,Online,P-012,4,73.02,0.18,239.51,58.34,2.98
2023-01-04,Central,Apparel,Retail,P-034,6,377.1,0.34,1493.32,451.84,2.53
2023-01-04,South,Beauty,Online,P-024,4,294.44,0.18,965.76,124.51,3.34
2023-01-04,Central,Home,Online,P-001,1,567.53,0.1,510.78,108.58,3.57
2023-01-04,Central,Beauty,Retail,P-036,2,124.12,0.26,183.7,31.54,2.72
2023-01-04,South,Apparel,Online,P-038,2,298.02,0.19,482.79,162.84,3.35
2023-01-05,South,Beauty,Retail,P-005,5,449.22,0.06,2111.33,826.56,4.51
2023-01-06,East,Sports,Online,P-014,11,493.61,0.3,3800.8,251.66,3.72
2023-01-06,North,Sports,Online,P-013,5,141.77,0.14,609.61,191.6,3.75
2023-01-06,South,Electronics,Online,P-029,3,352.17,0.34,697.3,47.6,3.46
2023-01-06,Central,Sports,Retail,P-028,7,669.78,0.2,3750.77,1128.33,3.27
2023-01-06,North,Apparel,Online,P-040,6,530.48,0.29,2259.84,286.45,2.63
2023-01-07,North,Home,Retail,P-040,10,293.13,0.04,2814.05,357.33,4.04
2023-01-08,South,Apparel,Online,P-023,3,421.97,0.12,1114.0,151.18,2.8
2023-01-08,East,Apparel,Online,P-025,3,569.16,0.28,1229.39,106.92,2.75
2023-01-09,North,Electronics,Online,P-029,11,331.73,0.25,2736.77,183.37,3.11
2023-01-09,South,Apparel,Retail,P-028,7,678.55,0.09,4322.36,1582.11,3.35
2023-01-11,West,Beauty,Retail,P-025,4,593.44,0.33,1590.42,425.92,4.75
2023-01-11,South,Home,Retail,P-005,8,786.87,0.14,5413.67,1882.27,2.66
2023-01-11,South,Electronics,Wholesale,P-023,9,325.33,0.33,1961.74,148.84,3.34
2023-01-11,West,Books,Online,P-006,11,177.35,0.13,1697.24,468.61,4.9
2023-01-12,North,Home,Wholesale,P-038,2,490.8,0.15,834.36,53.16,2.69
2023-01-13,Central,Books,Online,P-001,4,82.26,0.17,273.1,34.58,3.56
2023-01-14,East,Electronics,Wholesale,P-006,5,344.67,0.34,1137.41,357.32,3.22
2023-01-14,North,Sports,Online,P-021,1,432.09,0.32,293.82,103.15,3.46
2023-01-15,West,Sports,Online,P-024,3,656.61,0.12,1733.45,448.97,4.5
2023-01-16,East,Apparel,Online,P-029,7,596.86,0.29,2966.39,240.32,3.29
2023-01-16,North,Books,Online,P-019,1,772.47,0.09,702.95,58.48,2.7
2023-01-17,East,Home,Retail,P-027,4,561.85,0.18,1842.87,287.65,3.9
2023-01-17,West,Apparel,Online,P-015,4,577.17,0.16,1939.29,712.06,3.02
2023-01-17,South,Beauty,Online,P-031,5,447.18,0.21,1766.36,561.29,3.11
2023-01-17,West,Sports,Retail,P-003,9,184.82,0.03,1613.48,508.08,3.23
2023-01-18,South,Apparel,Retail,P-032,9,530.01,0.01,4722.39,1591.05,3.8
2023-01-19,South,Electronics,Retail,P-012,3,266.82,0.24,608.35,171.15,4.67
2023-01-19,North,Apparel,Wholesale,P-018,4,378.7,0.0,1514.8,440.86,3.84
2023-01-19,West,Electronics,Online,P-033,3,226.1,0.02,664.73,188.5,4.74
2023-01-19,West,Books,Online,P-009,9,799.89,0.11,6407.12,2339.16,4.72
2023-01-22,Central,Home,Retail,P-013,3,598.31,0.17,1489.79,343.11,4.81
2023-01-22,South,Sports,Wholesale,P-002,9,612.16,0.05,5233.97,2002.16,3.36
2023-01-22,South,Home,Retail,P-012,1,518.03,0.14,445.51,176.23,4.65
2023-01-23,North,Home,Online,P-023,5,160.51,0.33,537.71,144.56,4.39
2023-01-24,Central,Electronics,Online,P-017,2,146.93,0.02,287.98,62.61,3.82
2023-01-24,West,Apparel,Wholesale,P-021,1,367.89,0.14,316.39,39.57,3.78
2023-01-26,West,Apparel,Retail,P-004,6,117.27,0.08,647.33,92.17,2.91
2023-01-26,South,Sports,Retail,P-029,4,620.91,0.02,2433.97,324.82,4.54
2023-01-27,West,Electronics,Online,P-004,6,526.57,0.24,2401.16,150.24,3.08
2023-01-27,West,Apparel,Online,P-013,2,458.21,0.13,797.29,188.65,3.25
2023-01-27,South,Home,Retail,P-007,10,278.01,0.12,2446.49,669.86,3.22
2023-01-27,East,Books,Online,P-009,9,53.13,0.15,406.44,80.69,3.52
2023-01-28,Central,Apparel,Online,P-016,11,315.5,0.1,3123.45,325.92,4.54
2023-01-28,East,Books,Retail,P-004,3,467.44,0.05,1332.2,94.33,3.02
2023-01-30,North,Apparel,Online,P-026,5,455.15,0.04,2184.72,816.47,3.54
2023-01-30,Central,Sports,Wholesale,P-018,3,258.19,0.18,635.15,230.78,2.97
2023-01-30,North,Electronics,Retail,P-021,3,678.73,0.22,1588.23,302.36,2.56
2023-01-31,South,Sports,Retail,P-010,10,426.41,0.06,4008.25,483.94,3.1
2023-01-31,North,Books,Online,P-033,1,31.28,0.19,25.34,3.62,4.26
2023-01-31,South,Sports,Retail,P-026,7,195.59,0.15,1163.76,115.01,3.72
2023-01-31,South,Home,Online,P-005,8,309.12,0.28,1780.53,605.41,4.67
2023-02-01,Central,Books,Online,P-013,4,288.66,0.08,1062.27,105.23,4.18
2023-02-01,North,Books,Online,P-010,2,511.01,0.32,694.97,41.24,2.6
2023-02-01,North,Apparel,Online,P-028,8,40.2,0.32,218.69,81.98,4.52
2023-02-02,South,Electronics,Online,P-033,6,126.39,0.06,712.84,125.33,2.95
2023-02-02,Central,Beauty,Retail,P-040,11,142.67,0.31,1082.87,171.97,4.34
2023-02-02,South,Sports,Online,P-006,8,736.22,0.29,4181.73,951.13,4.62
2023-02-02,West,Beauty,Online,P-010,9,636.63,0.2,4583.74,1135.67,4.31
2023-02-04,Central,Sports,Online,P-001,2,40.35,0.25,60.53,3.37,4.55
2023-02-05,South,Books,Retail,P-035,6,292.66,0.03,1703.28,218.25,4.18
2023-02-05,West,Books,Online,P-013,6,731.7,0.08,4038.98,463.67,3.31
2023-02-05,West,Sports,Online,P-013,4,489.05,0.16,1643.21,495.16,3.4
2023-02-06,East,Books,Online,P-030,6,580.21,0.16,2924.26,302.97,4.35
2023-02-07,East,Apparel,Wholesale,P-037,6,725.91,0.2,3484.37,1034.0,4.04
2023-02-07,Central,Home,Retail,P-001,7,150.66,0.2,843.7,285.73,4.17
2023-02-07,Central,Apparel,Retail,P-038,8,340.53,0.12,2397.33,782.79,4.85
2023-02-07,North,Home,Retail,P-036,7,339.86,0.05,2260.07,421.36,3.83
2023-02-08,South,Apparel,Wholesale,P-026,6,346.22,0.34,1371.03,427.64,4.13
2023-02-08,South,Home,Online,P-001,5,678.17,0.07,24208.324620430067,2715.060275142893,
2023-02-09,West,Home,Online,P-027,10,20.94,0.26,154.96,50.96,4.62
2023-02-10,East,Electronics,Wholesale,P-009,9,422.52,0.29,2699.9,257.09,3.86
2023-02-10,South,Apparel,Online,P-014,8,263.1,0.28,1515.46,326.73,4.26
2023-02-10,West,Electronics,Online,P-026,5,204.88,0.14,880.98,338.19,3.8
2023-02-10,East,Home,Online,P-009,8,789.5,0.22,4926.48,539.27,3.01
2023-02-11,South,Sports,Online,P-029,9,269.18,0.04,2325.72,614.96,3.57
2023-02-12,South,Books,Online,P-015,3,544.65,0.17,1356.18,167.65,4.1
2023-02-12,East,Apparel,Online,P-034,2,589.23,0.25,883.84,79.1,3.83
2023-02-14,South,Apparel,Online,P-026,3,614.34,0.13,1603.43,364.57,2.86
2023-02-14,West,Apparel,Online,P-036,6,39.11,0.14,201.81,28.74,4.94
2023-02-14,South,Electronics,Online,P-029,8,482.48,0.19,3126.47,435.58,3.14
2023-02-14,North,Beauty,Online,P-017,4,203.46,0.14,699.9,180.83,3.0
2023-02-16,South,Books,Retail,P-012,10,702.56,0.34,4636.9,700.63,3.79
2023-02-17,East,Sports,Online,P-001,4,435.4,0.13,1515.19,489.53,3.14
2023-02-17,West,Electronics,Online,P-040,4,602.44,0.07,2241.08,357.96,2.75
2023-02-18,North,Electronics,Online,P-032,10,141.22,0.26,1045.03,417.82,4.58
2023-02-18,Central,Books,Online,P-003,9,524.48,0.25,3540.24,623.81,3.55
2023-02-19,East,Books,Online,P-027,11,618.37,0.14,5849.78,1399.58,3.14
2023-02-19,East,Sports,Online,P-032,1,227.82,0.1,205.04,73.88,4.29
2023-02-19,North,Home,Retail,P-039,7,427.67,0.19,2424.89,382.3,4.44
2023-02-21,Central,Beauty,Online,P-027,7,485.47,0.34,2242.87,656.1,3.79
2023-02-22,West,Books,Online,P-010,1,784.02,0.13,682.1,102.08,4.9
2023-02-22,Central,Electronics,Retail,P-032,8,632.55,0.08,4655.57,1750.07,4.12
2023-02-24,Central,Electronics,Online,P-026,7,684.19,0.28,3448.32,1270.9,
2023-02-24,West,Beauty,Retail,P-033,8,654.06,0.0,5232.48,1550.96,4.65
2023-02-25,West,Books,Retail,P-018,8,108.8,0.28,4893.271990863932,688.6651573454131,3.56
2023-02-25,East,Apparel,Retail,P-021,11,238.15,0.32,1781.36,510.26,3.58
2023-02-26,West,Books,Retail,P-039,4,483.76,0.29,1373.88,513.82,3.6
2023-02-27,Central,Beauty,Online,P-029,8,431.38,0.19,2795.34,1099.93,4.2
2023-02-27,South,Electronics,Online,P-036,4,203.53,0.33,545.46,76.37,4.98
2023-02-28,East,Home,Online,P-034,10,218.16,0.27,1592.57,447.74,3.79
2023-03-01,North,Apparel,Online,P-014,8,684.92,0.08,5041.01,1165.54,4.02
2023-03-02,East,Books,Online,P-018,2,388.46,0.07,722.54,244.33,3.36
2023-03-02,South,Electronics,Online,P-009,11,56.87,0.25,469.18,175.5,2.68
2023-03-03,South,Electronics,Retail,P-007,6,15.36,0.21,72.81,9.36,4.14
2023-03-03,South,Apparel,Retail,P-026,1,82.02,0.2,65.62,16.92,4.05
2023-03-03,West,Electronics,Retail,P-003,4,334.81,0.1,1205.32,269.65,3.78
2023-03-03,Central,Home,Online,P-009,2,48.6,0.08,89.42,14.07,4.06
2023-03-03,North,Home,Retail,P-005,6,714.44,0.2,3429.31,1012.3,2.7
2023-03-03,North,Sports,Retail,P-017,3,348.72,0.33,700.93,82.43,4.51
2023-03-04,South,Sports,Online,P-032,4,624.14,0.26,1847.45,299.89,3.59
2023-03-04,East,Electronics,Retail,P-016,3,59.68,0.17,148.6,19.78,4.42
2023-03-04,South,Apparel,Retail,P-032,1,527.75,0.34,348.31,31.84,2.9
2023-03-05,North,Beauty,Online,P-008,9,338.32,0.2,2435.9,246.38,2.59
2023-03-06,Central,Sports,Online,P-032,8,227.35,0.06,1709.67,235.5,3.22
2023-03-07,North,Home,Retail,P-005,1,370.44,0.32,251.9,61.06,
2023-03-07,West,Sports,Retail,P-031,9,345.56,0.06,2923.44,838.98,3.88
2023-03-07,South,Sports,Retail,P-018,2,369.83,0.18,606.52,215.79,4.22
2023-03-08,North,Home,Online,P-016,6,451.08,0.07,2517.03,166.74,3.65
2023-03-08,Central,Apparel,Retail,P-032,2,411.29,0.29,584.03,153.03,4.21
2023-03-08,Central,Apparel,Online,P-040,6,582.84,0.31,2412.96,475.2,2.95
2023-03-08,North,Sports,Retail,P-010,6,302.56,0.24,1379.67,483.78,2.56
2023-03-09,East,Sports,Online,P-026,9,108.31,0.14,838.32,158.77,3.31
2023-03-10,East,Books,Online,P-019,3,171.54,0.04,494.04,62.28,3.99
2023-03-10,West,Apparel,Retail,P-019,2,658.38,0.07,1224.59,366.88,2.91
2023-03-10,East,Beauty,Retail,P-006,9,687.22,0.2,4947.98,303.22,4.61
2023-03-10,Central,Apparel,Online,P-017,9,480.36,0.33,2896.57,149.34,4.89
2023-03-11,West,Home,Wholesale,P-026,6,39.39,0.29,167.8,10.09,4.36
2023-03-11,South,Home,Online,P-003,7,353.72,0.19,2005.59,475.39,2.82
2023-03-11,South,Apparel,Online,P-009,1,658.36,0.28,474.02,141.41,3.96
2023-03-11,West,Sports,Online,P-009,10,306.09,0.26,2265.07,300.98,4.23
2023-03-11,North,Beauty,Online,P-032,6,449.77,0.07,2509.72,318.98,3.98
2023-03-12,North,Beauty,Online,P-005,5,559.54,0.29,1986.37,789.55,2.95
2023-03-12,West,Apparel,Online,P-028,5,398.37,0.05,1892.26,270.98,4.77
2023-03-14,West,Apparel,Online,P-023,1,501.65,0.23,386.27,97.01,4.59
2023-03-14,East,Apparel,Online,P-039,7,773.72,0.06,5091.08,1195.47,2.69
2023-03-16,North,Apparel,Retail,P-002,4,352.98,0.34,931.87,371.53,3.07
2023-03-16,East,Books,Wholesale,P-011,6,463.67,0.11,2476.0,556.25,4.24
2023-03-16,North,Books,Online,P-028,1,768.29,0.35,499.39,37.83,3.75
2023-03-17,South,Home,Online,P-039,3,228.14,0.09,622.82,178.1,2.58
2023-03-17,South,Electronics,Online,P-008,3,97.48,0.01,289.52,105.68,4.92
2023-03-17,West,Books,Online,P-020,11,396.43,0.06,4099.09,599.29,3.25
2023-03-18,North,Home,Online,P-017,4,339.76,0.23,1046.46,401.54,4.45
2023-03-18,West,Beauty,Retail,P-040,5,380.86,0.08,1751.96,659.69,3.41
2023-03-19,North,Electronics,Wholesale,P-022,4,784.97,0.35,2040.92,224.33,4.95
2023-03-19,East,Electronics,Online,P-033,8,601.97,0.03,4671.29,600.66,3.61
2023-03-19,North,Electronics,Online,P-028,2,160.17,0.3,224.24,11.63,2.87
2023-03-19,South,Beauty,Retail,P-017,11,573.17,0.33,4224.26,1650.35,4.57
2023-03-20,East,Sports,Online,P-028,3,309.02,0.2,741.65,110.4,4.22
2023-03-20,East,Books,Retail,P-014,8,31.24,0.35,162.45,50.08,2.67
2023-03-21,West,Sports,Online,P-017,7,570.44,0.01,3953.15,1086.53,4.76
2023-03-21,North,Books,Retail,P-026,9,284.66,0.16,2152.03,649.42,3.93
2023-03-21,North,Apparel,Online,P-021,1,735.51,0.34,485.44,168.99,3.8
2023-03-22,East,Sports,Retail,P-036,4,760.54,0.23,2342.46,163.57,2.99
2023-03-23,South,Beauty,Online,P-040,11,136.98,0.01,1491.71,593.28,4.14
2023-03-23,Central,Sports,Online,P-012,8,617.37,0.29,3506.66,967.84,3.04
2023-03-23,North,Electronics,Online,P-017,10,12.75,0.06,119.85,42.16,3.38
2023-03-25,West,Home,Online,P-032,9,355.94,0.07,2979.22,833.65,3.78
2023-03-25,North,Home,Online,P-012,6,63.93,0.01,379.74,93.7,2.79
2023-03-25,Central,Books,Retail,P-040,8,47.51,0.13,330.67,109.96,3.06
2023-03-25,North,Beauty,Online,P-029,4,10.33,0.3,28.92,10.06,3.17
2023-03-25,North,Apparel,Online,P-037,10,732.73,0.2,5861.84,1710.48,3.8
2023-03-26,South,Books,Retail,P-009,2,473.78,0.17,786.47,104.24,3.32
2023-03-26,West,Books,Retail,P-017,1,447.16,0.04,429.27,130.4,3.58
2023-03-26,Central,Beauty,Online,P-014,9,696.67,0.26,4639.82,1471.11,2.9
2023-03-27,East,Home,Retail,P-011,4,317.66,0.05,1207.11,400.33,4.7
2023-03-28,East,Sports,Retail,P-016,3,359.16,0.05,1023.61,78.72,4.99
2023-03-28,South,Books,Online,P-017,6,762.11,0.25,3429.5,476.39,4.5
2023-03-28,East,Sports,Online,P-016,1,442.87,0.26,327.72,91.8,2.94
2023-03-28,Central,Electronics,Online,P-014,8,127.48,0.29,724.09,98.37,4.96
2023-03-29,East,Sports,Online,P-036,8,112.15,0.32,610.1,109.78,
2023-03-29,West,Books,Retail,P-035,6,77.33,0.17,385.1,27.33,2.87
2023-03-29,East,Books,Retail,P-034,8,703.56,0.05,5347.06,301.37,2.62
2023-03-29,South,Sports,Wholesale,P-005,4,686.09,0.07,2552.25,563.26,3.0
2023-03-29,East,Home,Retail,P-013,1,621.38,0.01,615.17,38.39,4.06
2023-03-29,East,Sports,Retail,P-026,3,240.43,0.23,555.39,164.9,4.93
2023-03-30,East,Apparel,Retail,P-007,3,170.28,0.02,500.62,154.14,4.39
2023-03-31,East,Sports,Wholesale,P-040,2,497.41,0.14,855.55,240.66,4.23
2023-03-31,West,Sports,Online,P-012,9,58.07,0.18,428.56,54.98,3.12
2023-03-31,South,Apparel,Retail,P-030,10,703.15,0.13,6117.4,1407.73,4.13
2023-04-01,West,Books,Retail,P-024,2,316.94,0.11,564.15,137.91,4.72
2023-04-01,West,Beauty,Retail,P-003,2,504.52,0.12,887.96,99.45,4.12
2023-04-02,North,Apparel,Online,P-015,1,286.61,0.14,246.48,33.87,2.97
2023-04-03,East,Electronics,Online,P-034,9,366.51,0.28,2374.98,502.42,2.67
2023-04-04,South,Books,Online,P-007,5,361.28,0.07,1679.95,658.87,4.6
2023-04-04,South,Books,Online,P-011,4,713.23,0.24,2168.22,338.96,4.61
2023-04-04,North,Sports,Wholesale,P-036,8,336.79,0.27,1966.85,151.0,3.72
2023-04-04,North,Electronics,Online,P-031,5,660.4,0.24,2509.52,469.72,2.58
2023-04-05,West,Apparel,Online,P-007,4,312.28,0.3,874.38,138.19,4.06
2023-04-05,West,Beauty,Retail,P-027,9,154.56,0.13,1210.2,347.21,4.42
2023-04-05,South,Books,Online,P-003,4,372.2,0.11,1325.03,208.64,4.48
2023-04-06,North,Sports,Online,P-014,9,734.16,0.06,6210.99,1298.6,3.51
2023-04-07,North,Books,Online,P-004,2,757.96,0.31,1045.98,404.45,3.03
2023-04-07,Central,Electronics,Retail,P-014,8,677.37,0.14,4660.31,1653.32,2.91
2023-04-07,Central,Beauty,Online,P-008,8,672.0,0.24,4085.76,1213.19,3.83
2023-04-08,West,Home,Online,P-035,10,574.3,0.24,4364.68,586.5,4.25
2023-04-09,South,Home,Online,P-009,1,136.29,0.25,102.22,19.14,2.93
2023-04-09,Central,Home,Online,P-021,10,121.59,0.33,814.65,228.72,4.5
2023-04-10,Central,Beauty,Online,P-029,6,235.19,0.05,1340.58,524.83,2.6
2023-04-10,East,Sports,Online,P-009,6,397.01,0.02,2334.42,552.85,3.0
2023-04-11,East,Sports,Online,P-036,5,711.29,0.26,2631.77,157.18,3.44
2023-04-12,East,Apparel,Online,P-035,9,48.21,0.28,312.4,75.19,3.79
2023-04-12,Central,Apparel,Retail,P-033,7,320.92,0.11,1999.33,610.91,3.07
2023-04-13,Central,Sports,Online,P-012,2,120.29,0.21,190.06,74.04,2.68
2023-04-13,East,Apparel,Retail,P-012,7,515.66,0.18,2959.89,454.02,4.71
2023-04-13,West,Books,Retail,P-001,3,114.13,0.24,260.22,64.71,2.86
2023-04-13,West,Sports,Online,P-006,5,80.21,0.24,304.8,64.89,4.09
2023-04-13,South,Electronics,Wholesale,P-024,2,220.91,0.25,331.36,100.59,2.59
2023-04-13,West,Books,Retail,P-013,1,593.69,0.09,540.26,31.79,4.41
2023-04-13,North,Sports,Retail,P-029,10,657.6,0.26,4866.24,1424.37,4.44
2023-04-14,East,Sports,Online,P-019,8,215.87,0.27,1260.68,318.87,3.98
2023-04-14,West,Beauty,Online,P-010,9,269.22,0.22,1889.92,423.21,3.25
2023-04-14,East,Beauty,Online,P-018,8,328.41,0.28,1891.64,128.6,3.86
2023-04-15,South,Beauty,Online,P-030,3,779.27,0.2,1870.25,558.77,4.53
2023-04-16,North,Electronics,Online,P-021,4,30.85,0.26,91.32,7.21,3.2
2023-04-16,South,Books,Retail,P-014,8,736.62,0.32,17015.044896906664,1644.0490444492896,4.54
2023-04-16,North,Apparel,Wholesale,P-007,7,411.89,0.34,1902.93,122.29,2.51
2023-04-16,West,Sports,Online,P-035,10,225.94,0.3,1581.58,529.02,4.28
2023-04-16,North,Sports,Online,P-015,2,174.92,0.29,248.39,23.43,3.64
2023-04-17,South,Home,Retail,P-021,2,364.45,0.09,663.3,178.85,3.14
2023-04-18,East,Electronics,Online,P-023,11,453.36,0.1,4488.26,1233.58,3.18
2023-04-18,Central,Home,Online,P-023,7,224.08,0.05,1490.13,539.59,4.83
2023-04-19,East,Electronics,Retail,P-002,2,455.14,0.28,655.4,95.34,2.7
2023-04-19,East,Electronics,Wholesale,P-003,6,382.91,0.13,1998.79,243.05,3.9
2023-04-20,West,Home,Online,P-017,7,59.22,0.35,269.45,89.54,4.93
2023-04-21,Central,Apparel,Retail,P-035,8,479.04,0.03,3717.35,1384.84,3.07
2023-04-21,North,Beauty,Retail,P-029,8,269.26,0.07,2003.29,789.42,4.68
2023-04-21,South,Books,Online,P-011,8,407.29,0.19,2639.24,1031.82,5.0
2023-04-22,South,Apparel,Online,P-010,4,426.97,0.23,1315.07,111.7,4.42
2023-04-22,West,Home,Online,P-016,11,169.3,0.23,1433.97,78.19,2.96
2023-04-23,South,Beauty,Online,P-036,3,770.25,0.18,1894.82,407.29,4.41
2023-04-23,West,Beauty,Online,P-005,2,291.87,0.32,396.94,83.71,2.54
2023-04-23,Central,Apparel,Retail,P-023,3,145.59,0.3,305.74,53.26,2.79
2023-04-23,West,Home,Retail,P-004,11,161.57,0.04,1706.18,123.09,4.84
2023-04-23,North,Beauty,Online,P-010,2,460.68,0.11,820.01,326.55,3.57
2023-04-24,West,Home,Online,P-003,2,643.44,0.11,1145.32,195.91,4.86
2023-04-24,South,Home,Online,P-022,7,566.66,0.2,3173.3,1227.45,3.54
2023-04-24,Central,Electronics,Retail,P-007,6,20.81,0.08,114.87,13.82,3.64
2023-04-25,North,Home,Retail,P-023,7,185.13,0.22,1010.81,345.88,3.65
2023-04-26,East,Home,Online,P-024,2,725.38,0.15,1233.15,184.47,2.6
2023-04-26,West,Books,Online,P-021,1,556.62,0.02,545.49,52.71,3.21
2023-04-28,South,Books,Retail,P-018,1,408.69,0.24,310.6,110.38,2.96
2023-04-28,South,Electronics,Retail,P-008,7,462.44,0.06,3042.86,277.19,4.9
2023-04-28,Central,Books,Online,P-026,10,293.76,0.34,1938.82,433.09,2.94
2023-04-29,North,Beauty,Retail,P-037,6,218.81,0.1,1181.57,112.28,3.31
2023-04-30,North,Books,Online,P-008,9,374.83,0.18,2766.25,860.16,3.81
2023-05-01,South,Beauty,Online,P-011,11,793.98,0.13,7598.39,2079.4,3.58
2023-05-01,South,Books,Online,P-009,3,12.27,0.25,27.61,10.56,2.96
2023-05-01,North,Beauty,Online,P-027,11,554.16,0.25,4571.82,264.98,3.07
2023-05-01,North,Books,Online,P-030,6,368.12,0.33,1479.84,131.45,4.43
2023-05-02,South,Apparel,Retail,P-026,11,207.12,0.18,1868.22,225.05,4.7
2023-05-02,Central,Beauty,Retail,P-002,8,578.37,0.17,3840.38,1194.81,2.59
2023-05-02,East,Beauty,Retail,P-036,9,794.84,0.09,6509.74,724.25,4.44
2023-05-02,North,Electronics,Online,P-040,2,373.56,0.13,649.99,60.85,4.17
2023-05-03,Central,Beauty,Retail,P-015,5,783.59,0.09,3565.33,1398.55,4.35
2023-05-04,North,Sports,Online,P-026,4,185.93,0.14,639.6,63.52,3.43
2023-05-05,West,Home,Retail,P-010,1,575.24,0.05,546.48,81.42,3.8
2023-05-05,South,Beauty,Retail,P-001,8,447.55,0.0,3580.4,561.0,4.25
2023-05-05,East,Beauty,Retail,P-011,3,119.34,0.33,239.87,21.48,3.27
2023-05-06,Central,Sports,Retail,P-030,1,106.69,0.21,84.29,12.47,2.84
2023-05-07,West,Sports,Retail,P-040,9,648.68,0.25,4378.59,1426.07,2.63
2023-05-07,West,Beauty,Online,P-012,5,190.86,0.01,944.76,295.68,4.33
2023-05-08,North,Beauty,Retail,P-034,7,24.23,0.34,111.94,19.01,4.9
2023-05-08,South,Books,Online,P-016,3,419.21,0.16,1056.41,246.54,4.38
2023-05-08,West,Home,Retail,P-008,7,390.93,0.12,2408.13,450.76,2.87
2023-05-09,North,Beauty,Wholesale,P-024,3,44.74,0.13,116.77,41.91,4.32
2023-05-10,East,Apparel,Online,P-034,6,438.25,0.33,1761.76,217.53,3.85
2023-05-10,South,Books,Online,P-032,10,523.09,0.06,4917.05,571.87,4.13
2023-05-10,West,Home,Online,P-008,6,272.63,0.14,1406.77,248.07,2.54
2023-05-10,North,Books,Online,P-013,10,352.66,0.05,3350.27,625.19,3.24
2023-05-11,West,Books,Retail,P-027,3,504.56,0.32,1029.3,355.83,4.8
2023-05-12,North,Electronics,Wholesale,P-026,6,668.26,0.3,2806.69,377.75,4.34
2023-05-12,Central,Electronics,Retail,P-002,11,400.93,0.08,4057.41,1194.67,4.74
2023-05-13,North,Books,Online,P-040,10,756.0,0.26,5594.4,1504.2,3.58
2023-05-13,Central,Electronics,Online,P-023,9,45.37,0.15,347.08,51.92,2.69
2023-05-13,West,Electronics,Online,P-036,1,763.63,0.03,740.72,181.23,4.36
2023-05-14,East,Home,Online,P-010,5,486.2,0.18,1993.42,542.01,3.14
2023-05-14,East,Books,Online,P-032,4,115.01,0.16,386.43,142.21,4.51
2023-05-14,Central,Sports,Retail,P-029,10,636.05,0.09,5788.06,1595.66,2.68
2023-05-16,Central,Books,Wholesale,P-018,3,521.83,0.1,1408.94,379.34,3.24
2023-05-17,Central,Beauty,Retail,P-029,2,258.12,0.27,376.86,70.49,3.98
2023-05-17,East,Books,Retail,P-006,6,285.92,0.31,1183.71,60.44,4.99
2023-05-18,North,Sports,Online,P-012,4,349.22,0.32,949.88,281.85,2.58
2023-05-19,East,Electronics,Wholesale,P-004,2,49.77,0.33,66.69,10.84,4.84
2023-05-20,West,Home,Wholesale,P-038,6,778.72,0.24,3550.96,1087.76,3.38
2023-05-21,Central,Beauty,Retail,P-040,10,218.82,0.2,1750.56,561.61,2.8
2023-05-21,Central,Books,Retail,P-003,10,546.5,0.22,4262.7,699.7,3.35
2023-05-21,South,Sports,Online,P-035,8,45.12,0.33,241.84,14.78,4.84
2023-05-22,East,Books,Retail,P-029,9,647.16,0.04,5591.46,300.14,3.55
2023-05-23,East,Home,Retail,P-011,4,739.16,0.29,2099.21,429.87,3.07
2023-05-23,South,Electronics,Online,P-023,9,440.58,0.23,3053.22,773.66,4.93
2023-05-24,West,Books,Online,P-021,6,132.85,0.03,773.19,272.29,3.76
2023-05-24,North,Apparel,Online,P-037,1,726.49,0.14,624.78,112.04,4.43
2023-05-25,East,Books,Online,P-037,8,512.58,0.04,3936.61,845.85,4.9
2023-05-26,West,Electronics,Online,P-025,2,27.79,0.07,51.69,16.72,2.97
2023-05-26,North,Beauty,Online,P-003,7,166.24,0.34,768.03,178.24,4.73
2023-05-27,North,Home,Online,P-008,4,509.74,0.3,1427.27,398.97,4.47
2023-05-28,North,Apparel,Online,P-001,5,628.44,0.22,2450.92,719.6,3.11
2023-05-28,Central,Beauty,Retail,P-012,5,681.17,0.08,3133.38,1072.12,2.74
2023-05-28,East,Beauty,Online,P-028,1,129.23,0.26,95.63,24.15,4.99
2023-05-28,East,Apparel,Wholesale,P-016,3,660.46,0.21,1565.29,450.61,4.88
2023-05-28,Central,Apparel,Online,P-034,2,538.87,0.2,862.19,92.31,3.05
2023-05-28,Central,Electronics,Retail,P-013,1,125.29,0.14,107.75,31.31,4.75
2023-05-28,East,Sports,Online,P-007,1,458.13,0.19,371.09,125.16,3.43
2023-06-01,North,Electronics,Online,P-008,1,374.08,0.02,366.6,125.46,3.64
2023-06-02,East,Sports,Retail,P-008,9,181.47,0.33,1094.26,402.18,3.48
2023-06-02,East,Home,Online,P-016,1,87.64,0.31,60.47,4.65,3.3
2023-06-06,Central,Electronics,Online,P-013,1,133.8,0.32,90.98,34.61,4.38
2023-06-07,South,Books,Online,P-011,6,685.79,0.14,3538.68,977.87,4.47
2023-06-08,Central,Apparel,Online,P-009,10,322.83,0.3,2259.81,885.33,3.48
2023-06-09,South,Sports,Retail,P-012,1,559.67,0.21,442.14,132.37,4.39
2023-06-10,East,Home,Retail,P-025,9,396.28,0.19,2888.88,621.32,3.72
2023-06-12,East,Apparel,Online,P-032,1,364.16,0.09,331.39,119.59,4.13
2023-06-13,East,Beauty,Retail,P-038,1,420.84,0.04,404.01,109.37,2.56
2023-06-14,North,Books,Online,P-008,8,31.44,0.08,231.4,20.54,4.99
2023-06-15,Central,Electronics,Online,P-013,1,370.23,0.03,359.12,133.29,4.58
2023-06-15,North,Apparel,Retail,P-006,4,292.61,0.01,7663.755185133053,1525.964624338248,2.85
2023-06-16,East,Books,Retail,P-009,10,464.46,0.04,4458.82,606.47,4.17
2023-06-17,West,Books,Online,P-012,6,609.26,0.05,3472.78,606.74,4.55
2023-06-18,South,Home,Retail,P-019,4,155.59,0.07,578.79,136.33,4.41
2023-06-18,North,Apparel,Retail,P-026,11,345.4,0.25,2849.55,338.93,3.48
2023-06-19,Central,Apparel,Retail,P-011,8,471.67,0.26,2792.29,430.55,3.37
2023-06-19,North,Sports,Retail,P-021,2,728.74,0.12,1282.58,378.68,4.3
2023-06-19,North,Electronics,Retail,P-032,3,711.92,0.07,1986.26,274.62,4.84
2023-06-20,North,Electronics,Retail,P-015,1,267.82,0.13,233.0,48.47,4.62
2023-06-20,South,Sports,Online,P-013,8,301.02,0.31,1661.63,260.59,3.68
2023-06-21,East,Sports,Wholesale,P-005,2,633.82,0.05,1204.26,190.13,4.25
2023-06-21,North,Books,Online,P-038,10,102.21,0.23,787.02,284.98,4.14
2023-06-21,West,Home,Retail,P-040,9,106.42,0.19,775.8,193.89,4.51
2023-06-22,East,Apparel,Online,P-007,7,678.77,0.28,3421.0,794.31,3.25
2023-06-22,Central,Apparel,Online,P-037,10,464.53,0.21,3669.79,277.56,4.51
2023-06-22,West,Electronics,Wholesale,P-023,4,503.92,0.15,1713.33,593.1,3.69
2023-06-22,West,Sports,Retail,P-037,6,555.36,0.05,3165.55,775.07,2.74
2023-06-23,East,Beauty,Online,P-009,9,631.79,0.28,4094.0,380.97,3.84
2023-06-24,South,Apparel,Retail,P-027,6,454.32,0.14,2344.29,364.07,4.41
2023-06-24,South,Beauty,Online,P-006,4,61.41,0.1,221.08,46.77,4.97
2023-06-24,East,Electronics,Online,P-019,11,311.72,0.26,2537.4,691.97,3.33
2023-06-24,Central,Electronics,Online,P-017,10,502.07,0.13,4368.01,1371.46,4.97
2023-06-24,West,Home,Online,P-009,2,332.14,0.07,617.78,65.12,3.23
2023-06-25,East,Electronics,Retail,P-040,1,353.49,0.09,321.68,118.91,2.71
2023-06-25,South,Sports,Retail,P-033,8,498.54,0.22,3110.89,399.95,4.5
2023-06-25,West,Electronics,Retail,P-010,9,604.96,0.25,4083.48,1530.46,2.5
2023-06-26,West,Beauty,Online,P-024,2,432.5,0.25,648.75,211.86,4.08
2023-06-26,North,Electronics,Retail,P-011,4,211.27,0.32,574.65,59.47,5.0
2023-06-27,Central,Beauty,Online,P-007,1,696.07,0.24,529.01,49.91,4.99
2023-06-28,North,Home,Retail,P-031,9,516.72,0.08,4278.44,703.41,3.51
2023-06-28,Central,Sports,Retail,P-013,4,194.36,0.24,590.85,165.85,4.26
2023-06-28,South,Sports,Online,P-005,2,556.57,0.19,901.64,99.27,3.63
2023-06-29,North,Beauty,Wholesale,P-027,3,14.35,0.18,35.3,2.31,3.19
2023-06-29,East,Beauty,Wholesale,P-027,4,14.09,0.28,40.58,6.85,4.75
2023-06-29,Central,Books,Online,P-003,11,400.2,0.07,4094.05,1342.66,2.93
2023-06-29,North,Books,Online,P-015,11,691.89,0.25,5708.09,1521.27,3.34
2023-06-29,North,Books,Retail,P-006,9,486.51,0.34,2889.87,344.39,4.17
2023-06-30,West,Sports,Retail,P-020,7,46.85,0.29,232.84,26.81,3.21
2023-07-01,West,Apparel,Online,P-003,4,273.74,0.12,963.56,80.46,3.73
2023-07-02,North,Electronics,Online,P-024,4,406.36,0.14,1397.88,466.57,4.03
2023-07-02,North,Apparel,Retail,P-001,11,696.11,0.32,5206.9,2081.05,2.84
2023-07-02,South,Sports,Retail,P-040,9,85.17,0.22,597.89,57.09,3.81
2023-07-02,North,Apparel,Online,P-019,4,335.42,0.2,1073.34,57.49,3.08
2023-07-04,East,Home,Online,P-027,5,230.76,0.18,946.12,174.06,4.98
2023-07-05,Central,Home,Retail,P-027,9,67.35,0.01,600.09,136.68,4.09
2023-07-05,North,Books,Retail,P-027,7,231.43,0.12,1425.61,125.15,4.37
2023-07-06,South,Beauty,Retail,P-006,11,601.51,0.15,5624.12,1494.9,3.72
2023-07-06,South,Sports,Retail,P-002,9,513.96,0.1,4163.08,1048.96,4.64
2023-07-07,West,Apparel,Online,P-001,6,463.38,0.31,1918.39,431.2,4.54
2023-07-09,North,Books,Retail,P-034,1,738.64,0.27,539.21,77.56,4.61
2023-07-10,East,Apparel,Online,P-030,4,35.54,0.15,120.84,46.03,3.74
2023-07-11,Central,Sports,Wholesale,P-030,2,375.63,0.33,503.34,55.48,4.91
2023-07-11,South,Beauty,Online,P-024,5,552.77,0.17,2294.0,708.44,3.95
2023-07-12,North,Books,Online,P-004,1,99.67,0.0,99.67,18.8,2.86
2023-07-12,East,Sports,Online,P-015,9,34.8,0.13,272.48,37.04,4.43
2023-07-14,South,Electronics,Online,P-013,11,483.51,0.13,4627.19,921.04,3.13
2023-07-14,North,Home,Online,P-018,8,682.8,0.12,4806.91,359.8,4.38
2023-07-14,West,Beauty,Retail,P-040,5,743.54,0.18,3048.51,1076.63,3.82
2023-07-14,Central,Apparel,Online,P-040,8,545.11,0.18,3575.92,1234.19,4.47
2023-07-14,North,Electronics,Wholesale,P-008,3,708.35,0.21,1678.79,575.59,3.72
2023-07-16,East,Sports,Retail,P-033,4,475.12,0.29,1349.34,408.95,4.03
2023-07-16,South,Home,Online,P-027,4,68.15,0.1,245.34,74.53,3.97
2023-07-16,Central,Apparel,Retail,P-029,9,764.87,0.07,6401.96,522.79,2.86
2023-07-17,West,Beauty,Online,P-022,9,506.27,0.2,3645.14,1349.78,4.23
2023-07-17,North,Home,Retail,P-026,2,290.38,0.32,394.92,115.58,2.76
2023-07-17,West,Beauty,Online,P-010,4,16.68,0.13,58.05,15.97,3.27
2023-07-18,East,Books,Retail,P-009,5,132.77,0.02,650.57,201.93,3.16
2023-07-20,South,Electronics,Online,P-035,2,758.18,0.31,1046.29,145.05,4.76
2023-07-20,South,Sports,Retail,P-040,11,39.11,0.14,369.98,86.61,3.86
2023-07-20,North,Sports,Retail,P-002,7,620.67,0.27,3171.62,801.69,4.91
2023-07-21,North,Beauty,Wholesale,P-004,9,85.74,0.11,686.78,89.09,2.74
2023-07-21,East,Beauty,Retail,P-022,3,618.11,0.27,1353.66,517.65,4.36
2023-07-22,West,Electronics,Online,P-007,4,77.02,0.27,224.9,88.72,3.74
2023-07-22,West,Beauty,Online,P-040,2,183.88,0.05,349.37,61.55,4.54
2023-07-22,East,Books,Retail,P-023,10,223.98,0.11,1993.42,182.57,4.23
2023-07-22,West,Apparel,Online,P-024,9,713.38,0.28,4622.7,1119.17,3.8
2023-07-23,West,Electronics,Online,P-033,2,352.86,0.14,606.92,82.76,3.66
2023-07-24,East,Sports,Retail,P-036,8,449.92,0.34,2375.58,770.84,3.47
2023-07-24,South,Apparel,Retail,P-030,11,208.34,0.24,1741.72,185.8,2.97
2023-07-25,South,Beauty,Retail,P-008,2,579.56,0.08,1066.39,184.0,4.68
2023-07-25,East,Books,Retail,P-036,4,130.63,0.09,475.49,118.86,3.77
2023-07-26,North,Books,Online,P-007,5,177.06,0.08,814.48,116.83,4.08
2023-07-26,North,Apparel,Online,P-007,5,519.7,0.08,2390.62,469.05,3.57
2023-07-27,West,Beauty,Online,P-025,8,309.36,0.33,1658.17,439.42,4.17
2023-07-27,Central,Home,Online,P-036,11,93.6,0.11,916.34,63.61,4.92
2023-07-27,East,Electronics,Online,P-027,2,50.03,0.11,89.05,19.84,3.47
2023-07-27,Central,Home,Online,P-034,2,230.3,0.13,400.72,111.52,3.32
2023-07-27,West,Books,Online,P-030,5,147.18,0.01,728.54,102.24,3.53
2023-07-29,West,Home,Retail,P-003,8,610.9,0.32,3323.3,570.8,3.05
2023-07-30,North,Sports,Retail,P-027,11,120.21,0.18,1084.29,94.35,3.34
2023-07-30,North,Home,Online,P-005,8,791.04,0.13,5505.64,971.15,2.67
2023-07-30,West,Beauty,Online,P-037,9,345.14,0.12,2733.51,515.43,4.03
2023-07-30,North,Beauty,Online,P-024,6,608.32,0.14,3138.93,1218.42,3.79
2023-07-30,Central,Electronics,Online,P-011,3,305.89,0.31,633.19,164.62,3.25
2023-07-30,North,Apparel,Retail,P-040,11,564.66,0.06,5838.58,1507.54,4.75
2023-07-31,South,Books,Online,P-024,4,679.82,0.02,2664.89,209.84,3.44
2023-07-31,North,Beauty,Retail,P-039,6,444.6,0.22,2080.73,683.54,3.96
2023-08-01,East,Electronics,Retail,P-007,5,725.42,0.09,3300.66,169.91,3.74
2023-08-02,East,Apparel,Online,P-022,8,429.77,0.02,3369.4,1183.45,4.59
2023-08-03,North,Home,Retail,P-032,8,199.54,0.1,1436.69,311.08,2.77
2023-08-03,East,Apparel,Online,P-033,7,233.6,0.01,1618.85,631.87,4.96
2023-08-04,South,Sports,Retail,P-021,1,448.86,0.15,381.53,100.29,4.89
2023-08-04,Central,Apparel,Wholesale,P-039,1,374.44,0.02,2798.3143484243465,107.3837116311715,3.23
2023-08-05,West,Beauty,Online,P-003,2,703.64,0.33,942.88,221.3,4.81
2023-08-05,South,Electronics,Online,P-005,10,395.72,0.26,2928.33,1099.12,2.51
2023-08-05,South,Books,Online,P-022,3,564.94,0.02,1660.92,553.15,4.89
2023-08-06,Central,Apparel,Online,P-017,3,390.83,0.27,855.92,150.48,3.07
2023-08-07,North,Books,Wholesale,P-008,6,621.15,0.16,3130.6,948.48,
2023-08-07,East,Electronics,Online,P-007,9,52.91,0.09,433.33,128.68,4.85
2023-08-07,West,Electronics,Online,P-028,3,263.83,0.27,577.79,131.21,3.4
2023-08-07,North,Beauty,Retail,P-022,8,617.78,0.06,4645.71,1541.13,4.11
2023-08-07,West,Electronics,Online,P-002,11,612.94,0.2,5393.87,924.82,3.44
2023-08-07,Central,Electronics,Retail,P-024,7,146.28,0.11,911.32,316.23,3.13
2023-08-08,South,Home,Online,P-018,7,729.6,0.13,4443.26,1696.93,3.05
2023-08-08,South,Electronics,Retail,P-010,8,730.59,0.08,5377.14,332.03,3.22
2023-08-09,Central,Home,Online,P-028,9,557.55,0.27,3663.1,1264.98,3.11
2023-08-09,South,Sports,Online,P-010,7,143.86,0.03,976.81,319.67,3.64
2023-08-09,North,Sports,Online,P-009,4,492.65,0.13,1714.42,481.21,5.0
2023-08-09,South,Books,Retail,P-005,5,421.89,0.03,2046.17,150.15,2.63
2023-08-09,South,Beauty,Online,P-020,10,534.56,0.14,4597.22,1207.41,3.7
2023-08-10,South,Sports,Retail,P-002,11,205.06,0.0,2255.66,661.82,4.49
2023-08-11,Central,Sports,Wholesale,P-017,10,773.99,0.03,7507.7,2988.22,4.68
2023-08-11,East,Apparel,Retail,P-019,9,648.89,0.12,5139.21,888.94,3.01
2023-08-12,Central,Sports,Online,P-005,6,216.04,0.27,946.26,273.58,3.48
2023-08-12,West,Books,Wholesale,P-020,8,223.71,0.23,1378.05,383.25,4.32
2023-08-12,East,Home,Retail,P-028,2,99.61,0.14,171.33,58.08,4.22
2023-08-13,North,Home,Retail,P-014,3,328.21,0.04,945.24,76.64,3.87
2023-08-14,South,Home,Online,P-026,1,672.15,0.03,651.99,212.36,2.87
2023-08-15,Central,Books,Retail,P-032,5,652.81,0.11,2905.0,824.39,2.81
2023-08-15,South,Electronics,Online,P-037,6,799.6,0.17,3982.01,998.74,3.94
2023-08-15,Central,Home,Online,P-026,4,412.28,0.03,1599.65,291.86,4.24
2023-08-16,North,Electronics,Retail,P-002,1,331.24,0.31,228.56,89.16,3.18
2023-08-17,South,Beauty,Online,P-029,11,369.82,0.14,3498.5,1201.07,4.66
2023-08-17,Central,Apparel,Online,P-020,8,200.79,0.35,1044.11,351.85,3.95
2023-08-17,East,Books,Online,P-033,6,462.22,0.13,2412.79,679.52,3.51
2023-08-18,North,Home,Online,P-021,4,107.87,0.33,289.09,25.64,3.98
2023-08-18,East,Beauty,Retail,P-024,7,425.43,0.03,2888.67,1048.53,2.69
2023-08-18,North,Beauty,Online,P-031,2,577.34,0.34,762.09,81.23,4.13
2023-08-18,North,Home,Retail,P-039,9,555.18,0.33,3347.74,803.26,2.88
2023-08-19,East,Home,Retail,P-027,2,286.02,0.33,383.27,65.12,3.04
2023-08-19,West,Apparel,Retail,P-030,5,172.48,0.06,810.66,272.23,3.69
2023-08-19,South,Apparel,Online,P-029,4,449.01,0.0,1796.04,126.37,2.77
2023-08-19,North,Sports,Online,P-015,10,53.09,0.02,520.28,174.29,2.54
2023-08-20,West,Electronics,Retail,P-035,2,276.19,0.25,414.28,100.21,3.15
2023-08-20,East,Home,Online,P-007,10,146.83,0.18,1204.01,321.63,
2023-08-20,South,Books,Retail,P-030,10,101.23,0.27,3012.547262589083,208.06457237005085,2.74
2023-08-21,South,Beauty,Online,P-018,4,72.05,0.25,216.15,18.61,3.97
2023-08-21,North,Beauty,Online,P-020,1,280.52,0.09,255.27,20.43,3.54
2023-08-21,South,Beauty,Online,P-003,7,186.76,0.15,1111.22,412.58,2.76
2023-08-22,East,Beauty,Retail,P-025,2,17.63,0.28,25.39,3.92,4.44
2023-08-22,North,Books,Online,P-040,1,11.91,0.33,7.98,1.87,3.44
2023-08-23,Central,Home,Online,P-018,8,799.62,0.02,6269.02,1395.84,3.1
2023-08-23,Central,Books,Online,P-012,10,192.41,0.23,1481.56,457.99,4.08
2023-08-23,North,Apparel,Online,P-030,5,485.96,0.27,1773.75,468.74,2.86
2023-08-24,West,Sports,Online,P-007,6,417.14,0.12,2202.5,560.88,4.31
2023-08-24,East,Sports,Online,P-013,7,694.14,0.09,4421.67,1005.4,4.29
2023-08-26,West,Apparel,Online,P-027,9,111.54,0.21,793.05,206.61,4.38
2023-08-26,Central,Home,Online,P-027,11,697.32,0.31,5292.66,1381.89,4.4
2023-08-26,West,Beauty,Online,P-032,1,631.54,0.27,461.02,29.1,4.1
2023-08-28,North,Sports,Retail,P-027,6,88.96,0.2,427.01,95.75,2.54
2023-08-28,North,Home,Wholesale,P-001,3,57.77,0.32,117.85,45.85,4.71
2023-08-28,North,Beauty,Online,P-033,7,544.16,0.03,3694.85,1308.15,4.19
2023-08-29,North,Beauty,Online,P-034,3,292.04,0.3,613.28,197.65,2.94
2023-08-30,South,Books,Online,P-010,6,683.08,0.11,3647.65,844.41,3.51
2023-08-30,East,Electronics,Online,P-029,10,504.42,0.32,3430.06,1154.15,4.7
2023-08-31,West,Apparel,Online,P-037,4,792.91,0.14,2727.61,215.1,3.58
2023-09-01,North,Beauty,Retail,P-015,10,211.09,0.33,1414.3,389.05,4.91
2023-09-01,East,Apparel,Wholesale,P-013,6,347.34,0.24,1583.87,201.53,2.98
2023-09-01,East,Electronics,Wholesale,P-008,6,720.76,0.09,3935.35,1092.69,3.58
2023-09-01,East,Sports,Retail,P-018,7,481.5,0.18,2763.81,312.73,3.01
2023-09-01,South,Books,Online,P-021,7,95.42,0.13,581.11,118.29,3.78
2023-09-02,South,Sports,Online,P-027,5,283.1,0.22,1104.09,118.01,2.95
2023-09-02,West,Apparel,Retail,P-014,3,706.12,0.01,2097.18,757.03,4.19
2023-09-04,West,Apparel,Retail,P-016,3,517.03,0.15,1318.43,169.63,3.13
2023-09-05,North,Apparel,Retail,P-017,6,14.53,0.26,64.51,18.73,2.64
2023-09-05,West,Apparel,Online,P-012,8,573.18,0.35,2980.54,1010.07,4.86
2023-09-05,Central,Apparel,Online,P-001,9,373.36,0.04,3225.83,492.79,3.15
2023-09-06,Central,Sports,Online,P-029,9,140.71,0.15,1076.43,334.31,
2023-09-07,North,Home,Wholesale,P-026,3,346.82,0.33,697.11,251.66,3.95
2023-09-08,North,Home,Wholesale,P-013,6,111.07,0.07,619.77,94.27,2.69
2023-09-08,West,Electronics,Retail,P-037,2,632.69,0.11,1126.19,279.17,4.27
2023-09-08,North,Home,Online,P-035,7,673.87,0.31,3254.79,185.01,4.53
2023-09-09,West,Home,Wholesale,P-001,8,569.65,0.31,3144.47,691.32,4.0
2023-09-10,Central,Books,Online,P-031,8,627.74,0.1,4519.73,620.41,3.77
2023-09-11,Central,Beauty,Online,P-009,7,756.55,0.22,4130.76,238.05,4.96
2023-09-11,West,Electronics,Retail,P-011,3,642.85,0.13,1677.84,584.75,2.65
2023-09-11,North,Home,Wholesale,P-012,10,767.93,0.14,6604.2,2137.86,3.1
2023-09-11,North,Books,Retail,P-037,9,154.71,0.2,1113.91,178.76,4.87
2023-09-12,South,Books,Retail,P-001,10,231.23,0.35,1503.0,332.14,3.78
2023-09-14,North,Electronics,Online,P-011,2,630.97,0.1,1135.75,98.64,3.16
2023-09-14,North,Books,Retail,P-023,8,718.72,0.3,4024.83,473.51,3.46
2023-09-16,North,Books,Online,P-017,10,797.37,0.34,5262.64,1381.79,2.72
2023-09-19,Central,Beauty,Online,P-013,5,775.49,0.07,3606.03,1336.81,3.04
2023-09-21,East,Home,Online,P-015,11,319.19,0.32,2387.54,257.55,4.32
2023-09-21,Central,Sports,Online,P-031,11,260.63,0.23,2207.54,460.1,3.75
2023-09-22,South,Beauty,Retail,P-018,8,393.92,0.08,2899.25,407.27,4.74
2023-09-23,West,Books,Wholesale,P-009,6,171.49,0.07,956.91,311.78,3.36
2023-09-23,East,Apparel,Retail,P-028,8,87.74,0.06,659.8,216.06,4.01
2023-09-23,Central,Electronics,Retail,P-002,11,680.76,0.1,6739.52,2506.25,2.85
2023-09-24,North,Sports,Retail,P-022,1,528.16,0.07,2908.6051000464727,592.676285683791,2.91
2023-09-24,East,Home,Retail,P-025,1,184.76,0.23,142.27,8.27,3.04
2023-09-25,North,Home,Retail,P-012,4,193.86,0.14,666.88,192.37,4.44
2023-09-25,South,Books,Online,P-018,11,562.96,0.15,5263.68,1481.32,3.97
2023-09-25,Central,Electronics,Online,P-026,4,132.07,0.04,507.15,110.23,2.68
2023-09-25,East,Beauty,Retail,P-019,6,409.68,0.06,2310.6,246.97,3.4
2023-09-26,Central,Books,Retail,P-038,2,470.58,0.24,715.28,126.11,4.83
2023-09-26,West,Electronics,Wholesale,P-017,3,261.9,0.04,754.27,183.66,4.74
2023-09-27,West,Apparel,Wholesale,P-039,5,689.42,0.04,3309.22,972.19,4.03
2023-09-28,South,Books,Online,P-026,8,790.0,0.31,4360.8,704.72,3.2
2023-09-28,East,Beauty,Online,P-025,6,451.2,0.11,2409.41,521.96,3.0
2023-09-28,East,Sports,Online,P-020,5,188.69,0.22,735.89,190.35,4.48
2023-09-28,East,Sports,Retail,P-024,8,715.69,0.12,5038.46,2002.74,2.68
2023-09-28,Central,Electronics,Online,P-017,6,766.51,0.24,3495.29,232.48,2.63
2023-09-29,West,Sports,Wholesale,P-034,10,193.3,0.34,1275.78,357.92,3.89
2023-09-30,North,Apparel,Retail,P-020,11,506.84,0.34,3679.66,559.36,4.35
2023-09-30,North,Books,Online,P-012,10,566.02,0.03,5490.39,2135.97,4.82
2023-09-30,Central,Home,Online,P-030,7,503.56,0.17,2925.68,714.68,3.8
2023-10-01,North,Sports,Retail,P-035,1,382.91,0.17,317.82,27.9,3.83
2023-10-02,West,Books,Retail,P-018,9,536.62,0.22,3767.07,1361.97,4.23
2023-10-02,North,Books,Retail,P-035,2,319.61,0.12,562.51,44.87,3.94
2023-10-05,Central,Electronics,Online,P-010,8,467.74,0.29,2656.76,431.96,4.47
2023-10-05,West,Sports,Online,P-031,9,240.2,0.34,1426.79,238.91,4.83
2023-10-06,North,Books,Retail,P-023,4,746.66,0.25,2239.98,268.43,4.47
2023-10-06,North,Apparel,Retail,P-009,7,217.41,0.24,1156.62,304.0,2.92
2023-10-07,East,Apparel,Online,P-016,1,709.28,0.09,645.44,150.78,3.88
2023-10-08,Central,Books,Retail,P-017,4,152.35,0.11,542.37,65.01,4.98
2023-10-08,Central,Books,Online,P-034,5,311.42,0.33,1043.26,284.06,3.94
2023-10-08,West,Books,Online,P-037,6,162.54,0.2,780.19,125.81,3.27
2023-10-09,North,Electronics,Retail,P-017,4,98.18,0.25,294.54,38.89,4.23
2023-10-10,East,Electronics,Retail,P-030,9,104.06,0.17,777.33,246.57,4.35
2023-10-10,South,Sports,Wholesale,P-040,11,489.51,0.28,3876.92,495.93,4.02
2023-10-11,East,Books,Retail,P-002,6,650.07,0.13,3393.37,1267.44,2.82
2023-10-13,East,Electronics,Wholesale,P-006,5,345.25,0.13,1501.84,306.78,4.24
2023-10-13,East,Beauty,Wholesale,P-021,10,591.0,0.34,3900.6,1406.5,3.66
2023-10-14,North,Books,Online,P-002,2,134.54,0.05,255.63,56.82,2.77
2023-10-14,Central,Books,Online,P-010,6,617.54,0.16,3112.4,846.24,4.18
2023-10-15,South,Beauty,Retail,P-002,10,135.02,0.34,891.13,181.23,2.62
2023-10-15,East,Electronics,Retail,P-003,11,199.82,0.26,1626.53,146.82,3.98
2023-10-15,North,Electronics,Online,P-018,11,226.92,0.32,1697.36,342.57,2.65
2023-10-17,East,Books,Online,P-013,2,268.35,0.31,370.32,72.61,3.3
2023-10-18,West,Home,Retail,P-006,2,464.26,0.22,724.25,81.22,3.2
2023-10-18,West,Sports,Online,P-003,8,165.47,0.24,1006.06,341.29,3.76
2023-10-20,North,Electronics,Wholesale,P-031,5,237.68,0.33,796.23,247.31,2.57
2023-10-20,North,Home,Retail,P-027,10,531.16,0.1,4780.44,1197.7,4.81
2023-10-21,East,Electronics,Online,P-039,10,129.83,0.27,947.76,299.8,
2023-10-22,Central,Books,Online,P-026,9,400.32,0.11,3206.56,417.71,
2023-10-22,Central,Books,Wholesale,P-031,1,388.42,0.04,372.88,124.31,4.75
2023-10-24,North,Beauty,Online,P-028,7,754.28,0.13,4593.57,1607.35,2.69
2023-10-24,Central,Home,Retail,P-032,9,460.73,0.33,2778.2,701.24,4.62
2023-10-24,East,Home,Retail,P-012,7,365.93,0.18,2100.44,751.61,4.26
2023-10-25,East,Sports,Retail,P-014,4,722.51,0.24,2196.43,660.68,3.44
2023-10-26,Central,Electronics,Online,P-027,3,279.47,0.23,645.58,185.62,4.7
2023-10-26,South,Electronics,Online,P-037,4,148.81,0.23,458.33,95.18,4.97
2023-10-26,North,Electronics,Online,P-036,7,515.74,0.25,2707.64,775.86,3.57
2023-10-27,North,Beauty,Online,P-025,11,272.61,0.1,2698.84,319.21,4.33
2023-10-27,West,Electronics,Retail,P-001,6,778.93,0.09,4252.96,1250.44,4.52
2023-10-27,South,Electronics,Online,P-017,11,720.17,0.15,6733.59,2458.81,2.99
2023-10-28,South,Beauty,Online,P-037,4,728.21,0.19,2359.4,395.05,3.41
2023-10-28,South,Apparel,Online,P-002,6,416.01,0.14,2146.61,845.24,3.31
2023-10-28,North,Sports,Retail,P-036,11,598.83,0.07,6126.03,1480.05,3.17
2023-10-29,South,Apparel,Retail,P-025,4,19.67,0.12,69.24,7.36,3.16
2023-10-30,North,Home,Wholesale,P-005,10,109.87,0.32,747.12,221.24,3.63
2023-10-30,West,Electronics,Retail,P-005,8,241.94,0.21,1529.06,216.37,3.19
2023-10-31,North,Home,Online,P-001,2,426.04,0.18,698.71,266.91,3.63
2023-10-31,North,Apparel,Retail,P-036,7,771.18,0.23,4156.66,738.08,3.12
2023-10-31,North,Apparel,Online,P-015,2,77.38,0.11,137.74,36.96,4.16
2023-10-31,East,Books,Online,P-035,9,430.66,0.19,3139.51,876.1,3.63
2023-11-01,West,Sports,Retail,P-028,5,348.05,0.07,1618.43,501.89,3.16
2023-11-01,North,Apparel,Online,P-031,4,530.84,0.18,1741.16,537.77,3.57
2023-11-01,East,Apparel,Online,P-011,1,73.32,0.3,51.32,13.42,3.05
2023-11-01,Central,Home,Online,P-039,11,101.31,0.22,869.24,261.93,4.64
2023-11-01,West,Books,Wholesale,P-023,6,727.59,0.22,3405.12,1238.27,2.64
2023-11-02,North,Home,Online,P-014,11,295.64,0.28,2341.47,194.16,2.51
2023-11-02,Central,Apparel,Retail,P-038,4,714.34,0.05,2714.49,602.43,4.41
2023-11-02,Central,Electronics,Online,P-009,8,254.09,0.34,1341.6,440.0,4.68
2023-11-02,South,Apparel,Online,P-037,1,220.62,0.25,165.46,17.38,4.77
2023-11-02,West,Apparel,Retail,P-003,3,37.96,0.24,86.55,22.53,3.47
2023-11-02,North,Home,Wholesale,P-005,3,438.72,0.07,1224.03,222.61,4.21
2023-11-03,North,Apparel,Online,P-001,3,660.01,0.27,1445.42,195.96,4.02
2023-11-03,West,Books,Wholesale,P-034,7,63.16,0.09,402.33,26.4,2.74
2023-11-06,South,Apparel,Retail,P-034,6,322.0,0.15,1642.2,150.05,3.9
2023-11-06,South,Books,Online,P-021,10,471.38,0.1,4242.42,1305.06,3.54
2023-11-07,Central,Home,Retail,P-005,3,473.24,0.33,951.21,118.2,4.78
2023-11-07,West,Sports,Online,P-021,8,295.33,0.03,2291.76,560.25,2.93
2023-11-08,West,Electronics,Retail,P-014,4,80.72,0.08,297.05,38.85,4.85
2023-11-09,East,Sports,Retail,P-019,8,509.25,0.34,2688.84,592.26,4.34
2023-11-10,North,Sports,Online,P-001,5,38.07,0.25,142.76,40.84,2.98
2023-11-11,West,Electronics,Online,P-016,6,799.42,0.34,3165.7,207.13,3.99
2023-11-11,East,Beauty,Retail,P-040,10,509.12,0.24,3869.31,452.92,4.02
2023-11-11,Central,Apparel,Online,P-007,3,419.72,0.31,868.82,86.01,4.01
2023-11-11,North,Apparel,Online,P-009,9,597.58,0.33,3603.41,1275.91,4.06
2023-11-12,Central,Beauty,Retail,P-031,9,793.5,0.18,5856.03,332.5,3.35
2023-11-12,North,Home,Online,P-018,10,538.27,0.15,4575.3,1322.94,3.96
2023-11-13,North,Apparel,Online,P-036,10,770.15,0.22,6007.17,1330.55,3.69
2023-11-13,West,Sports,Wholesale,P-040,5,18.09,0.14,77.79,10.22,3.78
2023-11-13,East,Home,Retail,P-009,7,705.87,0.28,3557.58,466.05,4.32
2023-11-13,North,Home,Online,P-017,6,483.33,0.22,2261.98,724.23,3.88
2023-11-13,North,Books,Wholesale,P-023,1,131.72,0.27,96.16,25.63,4.72
2023-11-13,West,Electronics,Online,P-031,5,58.16,0.19,235.55,12.51,4.81
2023-11-13,North,Sports,Retail,P-008,3,648.71,0.13,1693.13,184.18,4.76
2023-11-14,West,Electronics,Online,P-005,11,352.22,0.17,3215.77,978.91,2.65
2023-11-14,North,Sports,Retail,P-021,11,62.42,0.13,597.36,168.31,3.09
2023-11-14,Central,Electronics,Online,P-037,3,343.79,0.07,959.17,205.75,4.69
2023-11-15,West,Beauty,Online,P-024,4,361.58,0.13,1258.3,127.13,3.94
2023-11-15,Central,Sports,Online,P-039,10,710.75,0.04,6823.2,1589.65,4.52
2023-11-16,East,Home,Online,P-028,9,74.37,0.07,622.48,126.64,3.4
2023-11-16,East,Beauty,Online,P-002,4,36.12,0.3,101.14,17.82,4.19
2023-11-17,West,Electronics,Online,P-013,8,519.06,0.31,2865.21,1079.94,4.21
2023-11-17,East,Sports,Retail,P-019,1,133.58,0.16,112.21,6.78,4.89
2023-11-17,South,Apparel,Online,P-003,8,703.33,0.08,5176.51,410.23,4.98
2023-11-17,West,Books,Online,P-026,5,54.19,0.11,241.15,63.48,4.24
2023-11-18,East,Home,Retail,P-034,3,164.56,0.01,488.74,143.92,4.18
2023-11-19,South,Beauty,Online,P-032,3,134.9,0.12,356.14,68.12,2.59
2023-11-19,South,Beauty,Online,P-001,10,672.52,0.13,5850.92,1291.77,4.89
2023-11-20,Central,Books,Online,P-005,5,147.32,0.06,692.4,53.8,3.58
2023-11-20,North,Books,Online,P-001,3,518.73,0.27,1136.02,405.78,3.5
2023-11-20,East,Home,Online,P-004,4,664.86,0.12,2340.31,809.97,3.12
2023-11-21,Central,Sports,Retail,P-011,11,450.78,0.22,3867.69,322.4,2.74
2023-11-21,North,Apparel,Online,P-038,3,441.88,0.09,1206.33,88.39,2.92
2023-11-22,West,Electronics,Online,P-029,10,341.9,0.23,12244.767149377934,3866.3414587926763,4.75
2023-11-22,Central,Books,Retail,P-020,10,522.37,0.12,4596.86,497.19,4.04
2023-11-22,North,Sports,Online,P-030,10,585.15,0.29,4154.56,1640.08,3.2
2023-11-22,North,Books,Online,P-038,10,320.27,0.19,2594.19,370.15,
2023-11-23,West,Books,Online,P-022,11,68.96,0.25,568.92,121.98,3.99
2023-11-23,East,Home,Online,P-005,4,164.44,0.27,480.16,155.8,4.11
2023-11-24,East,Home,Retail,P-016,1,324.24,0.04,311.27,85.99,4.54
2023-11-24,East,Books,Retail,P-040,7,463.29,0.02,3178.17,273.92,4.95
2023-11-24,South,Home,Retail,P-004,9,372.28,0.27,2445.88,956.32,3.1
2023-11-24,West,Home,Online,P-031,4,291.89,0.3,817.29,54.93,4.96
2023-11-24,South,Home,Retail,P-030,7,289.25,0.29,1437.57,457.97,4.41
2023-11-25,South,Electronics,Retail,P-010,3,301.21,0.04,867.48,145.53,2.94
2023-11-25,North,Home,Retail,P-035,7,482.96,0.08,3110.26,274.38,2.9
2023-11-25,South,Sports,Online,P-014,1,433.63,0.01,429.29,38.2,3.51
2023-11-25,South,Apparel,Online,P-013,7,177.12,0.02,1215.04,225.69,3.38
2023-11-25,East,Home,Online,P-013,3,759.53,0.01,2255.8,757.2,4.8
2023-11-25,North,Electronics,Online,P-030,4,686.82,0.24,2087.93,114.5,4.75
2023-11-27,South,Home,Online,P-015,11,213.4,0.03,2276.98,679.6,4.08
2023-11-27,North,Beauty,Retail,P-027,3,628.99,0.14,1622.79,328.25,3.2
2023-11-28,Central,Beauty,Retail,P-015,2,42.18,0.25,63.27,17.02,3.32
2023-11-28,North,Beauty,Online,P-020,3,268.36,0.33,539.4,49.78,2.61
2023-11-29,South,Sports,Retail,P-008,2,647.53,0.23,997.2,110.76,3.41
2023-11-29,South,Beauty,Online,P-030,5,107.13,0.15,455.3,159.4,4.68
2023-11-29,North,Sports,Retail,P-035,8,180.62,0.3,1011.47,166.62,3.71
2023-11-30,Central,Sports,Wholesale,P-026,6,126.26,0.15,643.93,38.78,4.85
2023-11-30,North,Sports,Online,P-026,10,547.96,0.15,4657.66,304.57,4.19
2023-12-01,West,Books,Retail,P-036,5,160.13,0.1,720.58,108.35,3.54
2023-12-01,Central,Apparel,Online,P-010,10,709.74,0.29,5039.15,790.67,4.9
2023-12-02,Central,Electronics,Online,P-025,10,387.35,0.33,2595.24,674.0,3.3
2023-12-02,East,Books,Retail,P-031,11,762.12,0.15,7125.82,1539.78,3.08
2023-12-02,Central,Beauty,Online,P-038,2,599.56,0.21,947.3,265.09,3.64
2023-12-03,East,Home,Online,P-035,10,530.41,0.28,3818.95,194.65,3.27
2023-12-03,East,Home,Online,P-016,4,66.88,0.09,243.44,48.69,4.05
2023-12-04,South,Home,Online,P-037,8,792.59,0.19,5135.98,2049.98,3.59
2023-12-04,South,Sports,Online,P-030,10,212.73,0.09,1935.84,567.63,2.62
2023-12-04,South,Home,Retail,P-001,2,20.15,0.03,39.09,11.04,4.87
2023-12-04,North,Apparel,Retail,P-019,10,779.47,0.27,5690.13,1775.36,3.58
2023-12-04,East,Home,Online,P-025,11,63.6,0.33,468.73,149.34,2.63
2023-12-05,Central,Beauty,Online,P-023,5,727.27,0.23,2799.99,204.6,3.12
2023-12-06,South,Apparel,Online,P-023,2,165.59,0.3,231.83,43.15,4.25
2023-12-07,Central,Home,Online,P-007,5,176.03,0.07,818.54,286.17,3.25
2023-12-07,West,Sports,Online,P-031,11,639.36,0.33,4712.08,514.65,2.7
2023-12-07,South,Electronics,Retail,P-004,7,134.3,0.34,620.47,164.06,3.66
2023-12-07,East,Books,Retail,P-029,7,187.94,0.08,1210.33,393.77,3.93
2023-12-08,East,Sports,Online,P-028,10,459.07,0.0,4590.7,361.95,4.71
2023-12-08,South,Sports,Retail,P-028,4,532.79,0.34,1406.57,395.49,3.3
2023-12-09,Central,Beauty,Retail,P-010,5,212.33,0.02,1040.42,332.79,4.27
2023-12-09,North,Home,Retail,P-014,4,351.74,0.01,1392.89,411.95,3.51
2023-12-09,South,Apparel,Online,P-021,3,117.81,0.34,233.26,40.0,2.8
2023-12-10,West,Beauty,Online,P-024,3,667.68,0.21,1582.4,81.3,
2023-12-10,South,Electronics,Online,P-010,3,279.95,0.05,797.86,137.28,3.7
2023-12-11,South,Beauty,Online,P-014,2,300.49,0.11,534.87,178.6,4.09
2023-12-12,North,Books,Online,P-011,5,713.72,0.08,3283.11,255.54,4.12
2023-12-13,East,Apparel,Online,P-026,7,761.46,0.01,5276.92,885.71,3.26
2023-12-13,West,Sports,Retail,P-003,1,481.3,0.14,413.92,103.71,4.61
2023-12-14,East,Sports,Online,P-037,2,176.38,0.12,310.43,48.68,3.29
2023-12-14,North,Sports,Wholesale,P-035,7,423.54,0.34,1956.75,184.5,2.99
2023-12-14,East,Beauty,Online,P-003,4,86.25,0.26,255.3,77.57,4.15
2023-12-14,Central,Home,Online,P-035,6,488.72,0.22,2287.21,746.57,4.55
2023-12-15,North,Home,Retail,P-023,11,281.69,0.19,2509.86,801.36,4.52
2023-12-15,Central,Books,Online,P-021,11,225.94,0.2,1988.27,609.16,4.69
2023-12-15,West,Sports,Online,P-025,10,206.52,0.15,1755.42,692.6,4.65
2023-12-16,Central,Books,Online,P-014,1,385.91,0.07,358.9,99.84,4.62
2023-12-16,North,Beauty,Online,P-019,7,527.73,0.04,3546.35,818.94,3.38
2023-12-17,North,Home,Online,P-033,10,278.17,0.19,2253.18,881.53,4.43
2023-12-18,North,Books,Online,P-011,1,277.84,0.12,244.5,20.86,4.0
2023-12-19,South,Electronics,Retail,P-028,3,584.45,0.15,1490.35,97.99,3.96
2023-12-19,North,Electronics,Online,P-019,8,581.94,0.13,4050.3,1507.89,3.63
2023-12-22,North,Books,Online,P-003,8,10.75,0.22,67.08,16.9,3.64
2023-12-22,West,Books,Online,P-009,7,222.05,0.1,1398.92,555.6,4.32
2023-12-23,East,Electronics,Retail,P-035,5,604.01,0.33,2023.43,531.18,2.65
2023-12-23,Central,Beauty,Online,P-022,1,652.11,0.18,534.73,82.66,3.95
2023-12-24,North,Home,Retail,P-027,5,799.98,0.06,3759.91,780.23,3.69
2023-12-24,South,Electronics,Online,P-012,1,531.92,0.18,436.17,151.53,4.85
2023-12-24,Central,Sports,Online,P-022,10,718.14,0.22,5601.49,1134.97,3.82
2023-12-24,North,Home,Online,P-013,4,657.85,0.25,1973.55,331.91,4.87
2023-12-25,West,Beauty,Online,P-029,6,389.31,0.01,2312.5,507.34,4.73
2023-12-25,Central,Sports,Online,P-001,5,78.44,0.08,360.82,40.45,3.39
2023-12-26,North,Books,Retail,P-001,5,674.06,0.2,2696.24,216.19,3.0
2023-12-26,East,Books,Wholesale,P-027,6,103.32,0.19,502.14,35.18,2.89
2023-12-26,North,Sports,Online,P-020,5,288.15,0.29,1022.93,92.66,2.58
2023-12-27,West,Electronics,Online,P-003,9,524.97,0.25,3543.55,564.59,4.0
2023-12-27,East,Electronics,Retail,P-025,8,171.73,0.09,1250.19,212.54,2.84
2023-12-27,North,Sports,Online,P-029,3,31.55,0.06,88.97,29.12,2.78
2023-12-28,West,Books,Online,P-039,7,166.75,0.01,1155.58,362.59,2.93
2023-12-28,West,Apparel,Retail,P-010,6,762.83,0.05,4348.13,1069.91,4.49
2023-12-28,North,Books,Wholesale,P-014,5,451.45,0.19,1828.37,377.43,4.3
2023-12-29,West,Books,Retail,P-001,9,313.62,0.06,2653.23,764.39,2.88
2023-12-30,South,Sports,Online,P-035,8,650.99,0.16,4374.65,832.6,2.54
2023-12-30,North,Sports,Retail,P-039,11,31.85,0.24,266.27,91.24,2.66
2023-12-31,North,Apparel,Online,P-007,8,364.94,0.1,18387.003241727463,3333.1119055472454,3.83
2023-12-31,West,Sports,Online,P-029,11,397.76,0.31,3019.0,997.36,3.15
2023-12-31,East,Apparel,Retail,P-031,6,163.8,0.33,658.48,196.46,4.15
2024-01-01,West,Electronics,Online,P-036,4,350.33,0.34,924.87,57.96,3.24
2024-01-01,North,Beauty,Online,P-031,11,783.39,0.02,8444.94,1318.72,3.49
2024-01-01,North,Books,Retail,P-014,9,582.15,0.07,4872.6,1284.77,4.82
2024-01-02,North,Books,Online,P-032,8,301.62,0.28,1737.33,506.61,2.78
2024-01-03,North,Electronics,Online,P-007,2,389.08,0.18,638.09,180.89,3.02
2024-01-03,Central,Electronics,Online,P-007,9,52.54,0.08,435.03,170.87,4.62
2024-01-03,North,Books,Retail,P-013,11,346.38,0.06,3581.57,833.11,
2024-01-03,East,Sports,Online,P-025,11,646.91,0.24,5408.17,2098.51,4.17
2024-01-04,North,Sports,Online,P-009,2,590.42,0.33,791.16,288.09,3.17
2024-01-04,West,Sports,Online,P-029,3,405.05,0.2,972.12,170.3,2.69
2024-01-04,Central,Beauty,Retail,P-004,3,310.98,0.21,737.02,42.15,3.09
2024-01-04,South,Home,Wholesale,P-024,2,13.12,0.05,24.93,3.25,4.44
2024-01-04,East,Sports,Retail,P-027,11,169.26,0.21,1470.87,562.23,4.57
2024-01-05,North,Books,Online,P-021,7,335.15,0.14,2017.6,407.12,4.31
2024-01-05,North,Books,Retail,P-014,1,555.81,0.15,472.44,184.98,4.93
2024-01-06,West,Apparel,Retail,P-024,5,555.8,0.07,2584.47,756.56,4.05
2024-01-06,East,Books,Online,P-019,7,27.11,0.14,163.2,44.51,4.03
2024-01-06,North,Sports,Retail,P-028,7,459.54,0.0,3216.78,498.05,2.5
2024-01-07,East,Books,Wholesale,P-014,5,783.93,0.21,3096.52,156.21,4.44
2024-01-07,South,Beauty,Online,P-033,8,741.76,0.19,4806.6,1343.1,4.3
2024-01-07,South,Books,Online,P-025,2,223.95,0.06,421.03,125.11,2.56
2024-01-07,Central,Electronics,Retail,P-030,7,188.23,0.21,1040.91,311.03,3.34
2024-01-10,North,Home,Wholesale,P-016,10,133.57,0.3,934.99,259.67,4.82
2024-01-10,South,Electronics,Online,P-025,11,596.22,0.0,6558.42,1431.82,3.1
2024-01-10,East,Home,Online,P-005,5,656.96,0.04,3153.41,578.22,3.67
2024-01-11,North,Apparel,Online,P-020,10,787.28,0.21,6219.51,1760.15,3.03
2024-01-11,East,Beauty,Online,P-019,2,184.68,0.29,262.25,61.58,2.56
2024-01-11,South,Apparel,Online,P-013,6,366.91,0.21,1739.15,208.84,4.45
2024-01-12,North,Beauty,Retail,P-010,8,525.97,0.22,3282.05,883.13,4.51
2024-01-12,West,Apparel,Online,P-038,1,580.08,0.19,469.86,109.84,3.28
2024-01-12,South,Apparel,Online,P-026,2,399.53,0.08,735.14,213.89,3.77
2024-01-12,East,Home,Online,P-036,11,439.58,0.05,4593.61,1052.11,4.98
2024-01-13,North,Books,Retail,P-018,10,746.05,0.03,7236.68,634.75,3.47
2024-01-13,South,Sports,Retail,P-025,7,594.52,0.3,2913.15,415.46,3.1
2024-01-14,North,Books,Online,P-031,8,293.62,0.16,1973.13,279.98,3.28
2024-01-15,Central,Beauty,Retail,P-002,1,427.35,0.3,299.14,48.34,4.24
2024-01-15,West,Home,Retail,P-002,11,194.94,0.01,2122.9,154.3,3.6
2024-01-15,North,Books,Retail,P-028,9,202.27,0.14,1565.57,590.75,2.83
2024-01-16,South,Apparel,Online,P-031,11,550.13,0.1,5446.29,743.89,4.28
2024-01-16,South,Apparel,Wholesale,P-009,4,638.85,0.26,1891.0,354.2,2.61
2024-01-17,East,Sports,Online,P-002,2,60.36,0.16,101.4,5.45,2.69
2024-01-17,East,Electronics,Retail,P-038,7,686.52,0.34,3171.72,607.32,3.73
2024-01-17,West,Electronics,Online,P-033,11,38.49,0.19,342.95,65.64,2.89
2024-01-18,East,Electronics,Online,P-006,5,608.52,0.08,2799.19,808.5,3.56
2024-01-18,Central,Sports,Online,P-015,3,315.59,0.29,672.21,39.86,4.42
2024-01-19,West,Books,Online,P-037,10,638.82,0.28,4599.5,230.7,4.64
2024-01-19,East,Sports,Online,P-036,10,428.57,0.14,3685.7,1216.49,
2024-01-20,West,Sports,Online,P-040,5,590.61,0.06,2775.87,439.34,2.65
2024-01-20,West,Apparel,Online,P-019,7,610.45,0.21,3375.79,698.99,3.97
2024-01-22,West,Sports,Online,P-039,11,639.54,0.21,5557.6,970.26,3.94
2024-01-22,South,Home,Retail,P-039,3,21.23,0.25,47.77,18.0,4.37
2024-01-23,West,Home,Online,P-008,6,754.8,0.19,3668.33,915.77,4.35
2024-01-23,East,Home,Online,P-024,4,640.45,0.32,1742.02,415.86,4.53
2024-01-23,South,Beauty,Retail,P-012,4,530.66,0.33,1422.17,325.47,4.42
2024-01-23,West,Beauty,Online,P-038,2,278.04,0.24,422.62,22.39,4.67
2024-01-23,North,Books,Online,P-031,11,727.2,0.05,7599.24,1930.85,3.17
2024-01-24,Central,Books,Online,P-010,2,492.6,0.05,935.94,264.57,3.75
2024-01-24,South,Beauty,Online,P-017,8,307.76,0.34,1624.97,547.48,2.79
2024-01-25,North,Beauty,Online,P-028,2,620.3,0.19,1004.89,323.42,3.8
2024-01-25,South,Sports,Online,P-026,6,441.99,0.06,2492.82,798.22,4.48
2024-01-25,West,Apparel,Retail,P-012,10,317.35,0.14,2729.21,316.75,2.6
2024-01-26,Central,Sports,Online,P-029,10,30.31,0.07,281.88,63.49,4.66
2024-01-27,South,Books,Retail,P-023,9,367.48,0.23,2546.64,728.99,2.63
2024-01-27,North,Books,Online,P-002,4,93.43,0.01,369.98,140.71,3.23
2024-01-28,West,Beauty,Online,P-014,5,200.77,0.0,1003.85,76.61,3.58
2024-01-29,South,Beauty,Retail,P-021,5,133.42,0.01,660.43,43.72,3.04
2024-01-30,North,Electronics,Online,P-023,10,286.91,0.17,2381.35,131.53,4.54
2024-01-30,East,Beauty,Online,P-022,7,409.47,0.03,2780.3,827.47,4.89
2024-01-30,North,Books,Wholesale,P-021,11,572.27,0.14,5413.67,982.91,4.17
2024-01-30,South,Apparel,Online,P-040,11,30.58,0.25,252.28,85.76,
2024-01-31,West,Sports,Online,P-023,11,215.81,0.28,1709.22,482.99,4.13
2024-01-31,South,Apparel,Online,P-014,2,274.26,0.19,444.3,85.12,3.21
2024-02-01,West,Home,Online,P-004,9,285.96,0.33,1724.34,426.76,3.42
2024-02-01,South,Sports,Retail,P-019,7,580.8,0.08,3740.35,204.52,4.44
2024-02-02,North,Home,Online,P-008,4,114.02,0.22,355.74,37.7,4.4
2024-02-02,Central,Home,Retail,P-036,3,425.77,0.24,970.76,283.07,3.32
2024-02-02,West,Apparel,Online,P-028,3,609.02,0.12,1607.81,202.13,2.87
2024-02-03,West,Home,Retail,P-024,10,739.81,0.13,6436.35,374.13,4.07
2024-02-03,West,Electronics,Retail,P-034,9,115.99,0.1,939.52,256.29,4.04
2024-02-04,North,Home,Wholesale,P-005,4,355.11,0.34,937.49,251.58,2.58
2024-02-04,East,Electronics,Retail,P-033,6,367.27,0.21,1740.86,563.32,4.09
2024-02-04,West,Apparel,Retail,P-014,1,226.78,0.29,161.01,63.62,
2024-02-05,North,Home,Online,P-022,2,545.52,0.14,938.29,104.48,4.87
2024-02-05,North,Sports,Online,P-009,1,213.55,0.33,143.08,24.52,4.31
2024-02-06,South,Beauty,Retail,P-020,7,320.38,0.22,1749.27,224.58,4.04
2024-02-07,South,Beauty,Online,P-022,1,272.47,0.29,193.45,32.97,4.43
2024-02-08,Central,Home,Online,P-007,7,166.53,0.17,967.54,291.42,3.37
2024-02-08,North,Electronics,Online,P-006,5,476.96,0.03,2313.26,146.18,4.69
2024-02-08,North,Sports,Online,P-039,7,421.53,0.22,2301.55,805.3,3.52
2024-02-09,East,Sports,Online,P-018,4,26.3,0.02,103.1,37.18,4.84
2024-02-09,North,Beauty,Online,P-005,2,680.41,0.12,1197.52,448.85,4.51
2024-02-09,East,Apparel,Wholesale,P-027,5,516.54,0.25,1937.02,594.6,2.58
2024-02-10,West,Home,Online,P-023,7,356.29,0.24,1895.46,495.46,4.59
2024-02-10,North,Apparel,Retail,P-011,5,599.92,0.24,2279.7,223.71,4.29
2024-02-10,North,Electronics,Online,P-007,8,174.46,0.0,1395.68,537.39,3.1
2024-02-10,West,Sports,Retail,P-035,1,216.33,0.23,166.57,37.34,3.16
2024-02-10,South,Home,Online,P-024,9,207.36,0.07,1735.6,451.97,3.17
2024-02-10,North,Books,Online,P-037,8,727.35,0.06,5469.67,1059.82,2.94
2024-02-10,North,Beauty,Retail,P-024,10,155.52,0.02,1524.1,117.34,2.75
2024-02-11,North,Books,Online,P-020,5,44.08,0.27,160.89,14.1,3.06
2024-02-11,East,Home,Retail,P-009,6,682.49,0.14,3521.65,328.7,4.3
2024-02-12,Central,Electronics,Retail,P-021,9,482.94,0.06,4085.67,494.13,4.47
2024-02-13,East,Apparel,Online,P-031,1,218.13,0.2,174.5,44.59,2.76
2024-02-14,South,Beauty,Online,P-007,5,444.03,0.02,2175.75,592.63,4.33
2024-02-14,South,Home,Online,P-001,8,592.44,0.18,3886.41,225.7,3.58
2024-02-15,North,Apparel,Online,P-016,9,116.02,0.34,689.16,153.7,3.33
2024-02-17,Central,Home,Online,P-011,4,261.09,0.02,1023.47,394.51,4.25
2024-02-17,North,Home,Online,P-033,10,400.39,0.13,3483.39,329.14,2.7
2024-02-17,South,Electronics,Online,P-023,2,237.12,0.18,388.88,32.19,3.24
2024-02-17,Central,Apparel,Retail,P-005,6,64.26,0.01,381.7,23.16,3.96
2024-02-17,South,Electronics,Online,P-031,10,493.57,0.26,3652.42,1306.65,2.88
2024-02-18,South,Books,Retail,P-005,5,567.08,0.28,2041.49,192.01,3.38
2024-02-18,North,Sports,Online,P-005,2,138.74,0.01,274.71,37.11,2.62
2024-02-19,South,Beauty,Online,P-003,11,410.46,0.08,4153.86,613.93,4.78
2024-02-20,Central,Home,Retail,P-029,4,612.51,0.28,1764.03,610.3,3.61
2024-02-21,Central,Beauty,Online,P-039,10,719.69,0.34,4749.95,1288.7,2.93
2024-02-22,South,Sports,Online,P-003,4,765.1,0.17,2540.13,457.8,
2024-02-22,South,Electronics,Online,P-002,6,775.16,0.3,3255.67,801.51,3.58
2024-02-22,South,Sports,Retail,P-006,11,429.95,0.12,4161.92,1554.27,4.11
2024-02-22,Central,Sports,Online,P-037,11,165.44,0.16,1528.67,526.11,2.81
2024-02-22,East,Beauty,Retail,P-007,9,634.89,0.29,4056.95,961.21,2.63
2024-02-24,East,Sports,Retail,P-004,8,432.49,0.02,3390.72,503.97,3.06
2024-02-24,North,Electronics,Online,P-026,1,53.01,0.21,41.88,16.05,4.05
2024-02-26,Central,Electronics,Retail,P-004,6,364.46,0.0,2186.76,811.42,4.91
2024-02-26,East,Beauty,Wholesale,P-010,2,780.06,0.21,1232.49,281.0,4.34
2024-02-27,South,Books,Retail,P-028,9,203.08,0.03,1772.89,201.18,2.95
2024-02-27,South,Beauty,Online,P-019,10,256.16,0.09,2331.06,748.91,4.56
2024-02-28,North,Apparel,Online,P-033,7,354.19,0.22,1933.88,496.47,3.28
2024-02-29,West,Sports,Online,P-010,2,628.46,0.2,1005.54,121.82,4.97
2024-02-29,North,Electronics,Online,P-014,9,672.31,0.0,6050.79,1815.59,3.12
2024-03-01,North,Electronics,Online,P-034,5,473.22,0.1,2129.49,215.64,
2024-03-02,West,Home,Retail,P-009,2,150.04,0.16,252.07,56.15,3.69
2024-03-03,Central,Books,Online,P-014,1,529.97,0.15,450.47,71.35,4.64
2024-03-04,Central,Books,Online,P-011,10,260.32,0.27,1900.34,499.14,3.51
2024-03-04,East,Sports,Online,P-011,10,203.81,0.2,1630.48,326.84,3.9
2024-03-04,South,Apparel,Online,P-006,3,597.98,0.07,1668.36,282.03,4.37
2024-03-04,North,Apparel,Retail,P-025,1,555.12,0.24,421.89,101.22,3.91
2024-03-05,East,Books,Wholesale,P-018,9,408.93,0.06,3459.55,946.03,3.34
2024-03-05,West,Books,Online,P-013,8,456.23,0.18,2992.87,160.19,3.8
2024-03-05,East,Books,Retail,P-035,1,233.37,0.0,233.37,46.28,4.41
2024-03-06,East,Beauty,Online,P-006,7,107.3,0.07,698.52,138.77,4.56
2024-03-06,Central,Beauty,Online,P-019,3,775.36,0.01,2302.82,341.66,4.97
2024-03-06,Central,Beauty,Retail,P-019,4,776.96,0.28,2237.64,510.45,4.73
2024-03-07,Central,Sports,Online,P-014,8,719.61,0.04,5526.6,1128.55,3.99
2024-03-07,South,Electronics,Online,P-026,3,32.18,0.24,73.37,26.07,3.96
2024-03-07,North,Books,Wholesale,P-018,8,452.01,0.34,2386.61,702.85,4.27
2024-03-08,Central,Apparel,Online,P-021,5,602.29,0.03,2921.11,480.21,4.59
2024-03-09,East,Electronics,Wholesale,P-018,1,709.92,0.14,610.53,214.98,3.7
2024-03-09,East,Books,Retail,P-038,7,250.13,0.22,1365.71,134.0,4.35
2024-03-10,North,Electronics,Retail,P-007,7,112.77,0.34,521.0,177.12,3.49
2024-03-11,East,Home,Online,P-010,5,591.42,0.3,2069.97,553.32,4.92
2024-03-11,North,Home,Wholesale,P-011,2,537.16,0.29,762.77,180.33,4.02
2024-03-12,North,Home,Online,P-002,7,211.51,0.13,1288.1,98.69,4.34
2024-03-12,East,Apparel,Online,P-015,7,266.69,0.09,1698.82,291.99,3.27
2024-03-12,South,Apparel,Online,P-028,3,226.51,0.21,536.83,128.58,4.75
2024-03-13,North,Home,Online,P-012,8,365.07,0.28,2102.8,110.99,2.63
2024-03-13,West,Electronics,Online,P-017,10,115.35,0.05,1095.82,135.79,3.4
2024-03-14,South,Electronics,Online,P-026,6,267.38,0.19,1299.47,259.77,3.46
2024-03-15,South,Electronics,Online,P-032,9,434.9,0.14,3366.13,608.27,3.68
2024-03-16,South,Sports,Retail,P-026,1,765.94,0.17,635.73,142.15,3.23
2024-03-16,North,Books,Retail,P-018,11,136.77,0.3,1053.13,270.27,4.84
2024-03-17,Central,Electronics,Retail,P-035,7,19.9,0.33,93.33,30.3,2.97
2024-03-18,South,Books,Online,P-019,6,763.27,0.02,4488.03,281.17,3.13
2024-03-18,North,Beauty,Online,P-003,10,792.97,0.3,5550.79,2035.12,4.29
2024-03-19,East,Apparel,Retail,P-033,3,214.49,0.05,611.3,217.36,
2024-03-19,North,Beauty,Retail,P-035,8,163.92,0.14,1127.77,261.71,4.44
2024-03-21,South,Apparel,Online,P-040,8,429.74,0.27,2509.68,888.92,4.78
2024-03-22,East,Electronics,Retail,P-032,10,107.88,0.19,873.83,296.06,2.59
2024-03-22,Central,Electronics,Retail,P-009,4,387.0,0.03,1501.56,325.55,2.57
2024-03-23,North,Books,Online,P-015,2,667.33,0.33,894.22,122.98,4.9
2024-03-23,North,Electronics,Wholesale,P-029,3,39.49,0.34,78.19,28.74,3.88
2024-03-24,East,Home,Retail,P-034,11,263.34,0.24,2201.52,854.91,4.11
2024-03-24,South,Beauty,Retail,P-033,2,693.54,0.11,1234.5,120.33,4.19
2024-03-24,South,Sports,Online,P-002,5,254.43,0.04,6875.318486143867,1286.5441499630508,3.6
2024-03-24,South,Beauty,Wholesale,P-003,9,104.16,0.05,890.57,298.35,3.08
2024-03-25,West,Beauty,Online,P-028,1,758.5,0.28,546.12,203.34,3.85
2024-03-25,West,Books,Online,P-023,10,23.77,0.07,221.06,52.01,
2024-03-25,East,Home,Online,P-009,6,502.17,0.34,1988.59,179.67,4.39
2024-03-26,Central,Apparel,Online,P-020,4,482.22,0.33,1292.35,440.96,4.65
2024-03-28,Central,Home,Online,P-035,9,557.12,0.04,4813.52,1603.73,4.77
2024-03-28,North,Electronics,Online,P-030,6,318.03,0.08,1755.53,121.06,2.85
2024-03-29,South,Apparel,Retail,P-017,1,549.61,0.03,533.12,101.68,4.04
2024-03-29,West,Beauty,Retail,P-014,1,157.91,0.29,112.12,10.54,3.21
2024-03-29,South,Electronics,Online,P-018,11,705.83,0.02,7608.85,2607.13,3.34
2024-03-31,East,Apparel,Retail,P-009,7,416.27,0.25,2185.42,116.37,3.22
2024-03-31,North,Beauty,Retail,P-002,4,463.75,0.3,1298.5,240.29,4.56
2024-04-01,East,Apparel,Online,P-019,11,672.27,0.18,6063.88,1251.35,2.62
2024-04-02,West,Books,Online,P-021,4,457.07,0.15,1554.04,600.41,3.34
2024-04-03,Central,Sports,Online,P-031,10,141.96,0.28,1022.11,184.9,3.66
2024-04-03,South,Beauty,Wholesale,P-023,2,83.74,0.16,140.68,42.84,4.45
2024-04-04,South,Books,Online,P-008,10,95.89,0.15,815.06,141.58,4.37
2024-04-04,West,Books,Retail,P-017,6,85.65,0.19,416.26,24.39,3.72
2024-04-04,East,Home,Wholesale,P-004,3,407.96,0.02,1199.4,271.43,3.8
2024-04-05,South,Books,Retail,P-017,2,440.82,0.12,775.84,125.12,2.7
2024-04-05,West,Electronics,Online,P-040,1,117.5,0.15,99.88,15.22,4.03
2024-04-06,East,Apparel,Online,P-022,4,766.76,0.05,2913.69,526.34,3.96
2024-04-06,East,Beauty,Retail,P-010,6,346.43,0.09,1891.51,123.97,4.19
2024-04-07,North,Electronics,Online,P-032,10,767.45,0.08,7060.54,471.87,3.98
2024-04-07,Central,Electronics,Online,P-026,3,765.23,0.17,1905.42,709.45,3.44
2024-04-07,East,Home,Wholesale,P-025,7,581.8,0.09,3706.07,417.46,2.95
2024-04-08,East,Beauty,Retail,P-022,4,57.89,0.35,150.51,37.88,3.52
2024-04-08,Central,Apparel,Online,P-007,5,172.81,0.19,699.88,150.49,2.71
2024-04-08,North,Sports,Online,P-003,3,741.1,0.23,1711.94,677.22,4.29
2024-04-08,South,Home,Wholesale,P-033,10,444.53,0.31,3067.26,297.57,2.93
2024-04-08,North,Sports,Online,P-028,11,699.69,0.31,5310.65,365.58,
2024-04-08,North,Sports,Online,P-014,7,178.11,0.18,1022.35,188.48,2.69
2024-04-08,East,Home,Wholesale,P-007,4,102.15,0.29,290.11,80.46,4.06
2024-04-08,North,Sports,Retail,P-008,10,100.87,0.27,736.35,130.85,3.91
2024-04-09,North,Beauty,Online,P-019,10,514.29,0.14,4422.89,1082.83,4.09
2024-04-09,East,Beauty,Online,P-036,3,412.91,0.21,978.6,366.74,4.53
2024-04-09,Central,Books,Online,P-029,7,479.71,0.03,3257.23,1178.96,2.55
2024-04-10,North,Sports,Retail,P-010,5,313.47,0.21,1238.21,285.87,2.54
2024-04-10,East,Books,Online,P-033,6,488.62,0.27,2140.16,692.36,3.44
2024-04-10,South,Electronics,Online,P-006,8,372.49,0.32,2026.35,775.18,3.47
2024-04-10,South,Beauty,Online,P-010,9,517.48,0.23,3586.14,937.63,4.22
2024-04-11,East,Apparel,Retail,P-024,4,109.05,0.33,292.25,59.39,2.87
2024-04-12,East,Home,Retail,P-021,10,758.43,0.16,6370.81,2459.36,4.98
2024-04-14,North,Apparel,Online,P-031,6,321.3,0.33,1291.63,309.13,4.82
2024-04-14,West,Electronics,Retail,P-016,5,497.1,0.04,2386.08,182.51,4.67
2024-04-15,Central,Home,Online,P-036,2,698.16,0.08,1284.61,299.83,3.8
2024-04-18,East,Electronics,Wholesale,P-037,6,250.63,0.3,1052.65,193.8,4.14
2024-04-18,South,Beauty,Online,P-035,8,615.5,0.19,3988.44,1034.74,3.92
2024-04-18,South,Books,Online,P-015,10,560.53,0.23,4316.08,525.36,4.39
2024-04-19,West,Home,Online,P-019,1,36.39,0.33,24.38,5.05,2.77
2024-04-19,North,Electronics,Retail,P-005,5,434.79,0.05,2065.25,603.16,4.29
2024-04-19,North,Apparel,Online,P-038,11,635.43,0.32,4753.02,658.51,3.71
2024-04-19,South,Beauty,Online,P-014,6,178.94,0.28,773.02,255.88,4.9
2024-04-20,South,Apparel,Wholesale,P-006,5,285.32,0.17,1184.08,214.17,3.15
2024-04-20,West,Sports,Online,P-017,10,153.08,0.17,1270.56,135.79,4.56
2024-04-20,North,Electronics,Retail,P-008,2,268.32,0.31,370.28,101.01,3.64
2024-04-20,Central,Apparel,Retail,P-028,2,489.14,0.17,811.97,240.0,3.95
2024-04-21,North,Books,Online,P-017,2,791.5,0.18,1298.06,428.79,3.75
2024-04-21,West,Apparel,Online,P-029,9,507.07,0.29,3240.18,1249.53,2.64
2024-04-21,East,Books,Online,P-012,7,292.62,0.01,2027.86,749.3,3.3
2024-04-22,South,Books,Online,P-025,1,117.14,0.26,86.68,25.79,3.95
2024-04-22,Central,Sports,Online,P-040,11,552.65,0.04,5835.98,2073.28,3.64
2024-04-22,Central,Beauty,Retail,P-031,5,262.34,0.11,1167.41,220.38,4.09
2024-04-22,North,Beauty,Online,P-027,8,459.65,0.07,3419.8,756.25,3.8
2024-04-24,West,Home,Online,P-035,9,320.01,0.16,2419.28,751.09,4.83
2024-04-24,North,Books,Retail,P-016,7,792.57,0.2,4438.39,551.46,3.25
2024-04-25,East,Apparel,Retail,P-027,7,466.58,0.23,2514.87,953.03,2.84
2024-04-26,Central,Apparel,Online,P-005,2,409.61,0.11,729.11,276.65,3.55
2024-04-27,East,Apparel,Online,P-035,9,731.03,0.15,5592.38,1895.2,4.84
2024-04-28,North,Sports,Online,P-011,11,130.97,0.09,1311.01,195.23,3.18
2024-04-28,West,Apparel,Online,P-004,11,86.65,0.27,695.8,257.48,3.78
2024-04-28,North,Beauty,Online,P-014,2,50.77,0.02,99.51,7.91,2.56
2024-04-29,South,Electronics,Wholesale,P-023,1,342.39,0.26,253.37,44.65,3.56
2024-04-29,Central,Beauty,Wholesale,P-012,7,204.98,0.32,975.7,158.57,4.94
2024-04-29,Central,Books,Wholesale,P-028,9,453.86,0.35,2655.08,937.35,4.01
2024-04-30,East,Sports,Retail,P-019,9,107.57,0.11,861.64,163.58,3.66
2024-04-30,Central,Home,Retail,P-028,4,112.11,0.02,439.47,91.05,4.94
2024-04-30,East,Beauty,Retail,P-005,5,749.8,0.19,3036.69,1121.19,4.81
2024-05-01,Central,Apparel,Wholesale,P-032,5,133.85,0.05,635.79,82.26,4.27
2024-05-02,North,Beauty,Online,P-040,5,297.86,0.26,1102.08,425.41,4.4
2024-05-02,East,Apparel,Online,P-013,4,412.91,0.26,1222.21,472.69,4.66
2024-05-03,South,Electronics,Retail,P-015,5,179.87,0.31,620.55,143.65,4.68
2024-05-03,South,Apparel,Online,P-015,7,686.36,0.13,4179.93,699.97,3.45
2024-05-04,East,Home,Online,P-005,5,317.74,0.18,1302.73,282.35,3.16
2024-05-04,North,Beauty,Wholesale,P-010,10,781.84,0.04,7505.66,1924.56,3.3
2024-05-04,East,Books,Retail,P-021,9,535.81,0.18,3954.28,345.2,4.72
2024-05-04,Central,Home,Online,P-015,1,28.72,0.1,25.85,7.84,3.56
2024-05-05,East,Electronics,Online,P-019,2,367.43,0.19,595.24,155.81,4.64
2024-05-05,South,Sports,Online,P-031,2,794.19,0.26,1175.4,104.62,4.38
2024-05-05,East,Apparel,Wholesale,P-035,9,678.3,0.21,4822.71,1186.75,2.64
2024-05-07,North,Beauty,Online,P-010,2,402.16,0.12,707.8,100.81,3.02
2024-05-07,South,Electronics,Retail,P-025,7,228.67,0.06,1504.65,270.57,3.42
2024-05-07,North,Electronics,Retail,P-003,3,199.15,0.26,442.11,76.91,4.61
2024-05-07,Central,Sports,Online,P-010,1,535.62,0.22,417.78,97.62,4.1
2024-05-09,East,Books,Retail,P-036,6,72.59,0.21,344.08,68.27,3.6
2024-05-09,Central,Books,Online,P-020,2,524.2,0.04,1006.46,240.29,3.81
2024-05-09,Central,Electronics,Online,P-018,8,134.41,0.34,709.68,174.84,4.85
2024-05-09,West,Books,Wholesale,P-017,5,220.27,0.04,1057.3,420.06,3.58
2024-05-10,Central,Electronics,Online,P-035,7,774.76,0.25,4067.49,539.2,4.59
2024-05-10,West,Electronics,Retail,P-006,5,132.23,0.15,561.98,188.06,3.09
2024-05-11,West,Books,Online,P-037,2,21.83,0.24,33.18,12.22,4.71
2024-05-11,South,Beauty,Retail,P-001,4,231.18,0.24,702.79,71.48,5.0
2024-05-13,West,Electronics,Online,P-030,3,434.65,0.25,977.96,181.56,4.09
2024-05-13,Central,Books,Online,P-023,9,710.58,0.31,4412.7,1510.0,3.64
2024-05-14,Central,Apparel,Retail,P-014,8,277.09,0.01,2194.55,593.32,3.56
2024-05-14,South,Electronics,Online,P-006,5,673.43,0.01,3333.48,708.11,4.3
2024-05-15,East,Apparel,Retail,P-030,7,788.38,0.04,5297.91,360.86,2.85
2024-05-15,North,Electronics,Online,P-021,2,217.7,0.15,370.09,21.66,
2024-05-15,West,Beauty,Online,P-011,5,578.21,0.32,1965.91,356.71,4.65
2024-05-16,South,Electronics,Retail,P-001,11,19.75,0.09,197.7,43.38,3.69
2024-05-16,West,Sports,Retail,P-017,7,650.59,0.0,4554.13,1409.33,3.01
2024-05-18,North,Sports,Online,P-038,5,12.76,0.33,42.75,7.02,4.19
2024-05-18,North,Beauty,Online,P-024,5,585.36,0.16,2458.51,481.78,4.61
2024-05-19,West,Books,Online,P-023,9,569.49,0.27,3741.55,1369.79,2.88
2024-05-19,West,Home,Retail,P-001,11,555.05,0.27,4457.05,554.63,3.94
2024-05-21,West,Beauty,Online,P-032,8,426.98,0.14,2937.62,182.13,3.89
2024-05-22,West,Electronics,Online,P-028,4,575.35,0.24,1749.06,540.89,2.8
2024-05-23,North,Sports,Retail,P-018,8,346.18,0.16,2326.33,851.23,4.58
2024-05-23,West,Electronics,Online,P-020,1,531.85,0.3,372.3,146.81,3.91
2024-05-24,South,Sports,Wholesale,P-036,8,188.88,0.22,1178.61,142.43,2.89
2024-05-24,North,Electronics,Online,P-032,2,290.06,0.34,382.88,75.9,3.93
2024-05-24,Central,Books,Online,P-019,9,684.78,0.3,4314.11,1042.86,4.43
2024-05-24,East,Apparel,Online,P-026,5,653.04,0.14,2808.07,703.82,4.77
2024-05-25,North,Beauty,Retail,P-037,9,156.94,0.22,1101.72,190.93,3.45
2024-05-25,West,Apparel,Retail,P-001,3,581.23,0.01,1726.25,497.61,3.4
2024-05-25,East,Home,Wholesale,P-006,6,704.45,0.04,4057.63,1070.55,4.09
2024-05-26,East,Books,Online,P-040,10,642.3,0.13,5588.01,461.44,3.6
2024-05-26,East,Sports,Retail,P-002,4,386.62,0.21,1221.72,302.53,4.87
2024-05-26,South,Beauty,Retail,P-022,8,625.61,0.23,3853.76,684.79,3.15
2024-05-27,North,Electronics,Online,P-001,8,772.81,0.06,5811.53,314.85,3.58
2024-05-28,North,Beauty,Retail,P-018,1,456.39,0.02,447.26,74.59,
2024-05-28,North,Apparel,Retail,P-028,11,399.24,0.01,4347.72,934.83,2.95
2024-05-29,North,Electronics,Retail,P-035,11,58.84,0.09,588.99,43.95,2.72
2024-05-29,East,Home,Wholesale,P-011,1,484.25,0.31,334.13,61.32,3.3
2024-05-30,West,Apparel,Online,P-024,9,531.54,0.06,4496.83,248.35,
2024-06-01,Central,Apparel,Online,P-022,10,769.95,0.12,6775.56,1126.43,3.74
2024-06-01,East,Home,Retail,P-002,7,714.92,0.06,4704.17,1858.7,2.71
2024-06-01,South,Home,Retail,P-010,1,655.51,0.29,465.41,138.69,3.18
2024-06-02,North,Electronics,Retail,P-033,4,264.21,0.15,898.31,203.32,2.9
2024-06-02,East,Home,Wholesale,P-013,7,696.8,0.3,3414.32,584.65,3.42
2024-06-03,East,Books,Retail,P-023,9,189.92,0.01,1692.19,414.52,3.08
2024-06-04,South,Beauty,Online,P-002,2,607.91,0.06,1142.87,110.88,3.67
2024-06-04,North,Electronics,Online,P-025,8,113.23,0.05,860.55,72.88,
2024-06-06,North,Apparel,Retail,P-023,1,117.8,0.24,89.53,30.61,2.83
2024-06-07,Central,Beauty,Online,P-035,4,105.18,0.25,315.54,123.37,4.81
2024-06-07,West,Home,Retail,P-005,3,781.92,0.25,8244.863111843853,2098.5440612592124,3.07
2024-06-07,South,Sports,Retail,P-013,11,602.49,0.27,4837.99,886.72,4.59
2024-06-07,North,Books,Retail,P-003,3,568.35,0.09,1551.6,342.37,3.74
2024-06-07,North,Electronics,Wholesale,P-030,7,709.65,0.19,4023.72,1391.47,4.46
2024-06-09,Central,Home,Online,P-022,9,69.32,0.14,536.54,84.13,3.26
2024-06-09,South,Home,Retail,P-007,5,484.89,0.13,2109.27,652.76,3.14
2024-06-10,South,Apparel,Wholesale,P-038,11,37.31,0.24,311.91,41.82,3.86
2024-06-10,Central,Beauty,Online,P-018,2,280.91,0.22,438.22,93.22,2.64
2024-06-10,South,Apparel,Online,P-003,10,412.7,0.3,2888.9,194.04,2.96
2024-06-10,North,Apparel,Online,P-025,3,42.02,0.01,124.8,15.22,
2024-06-11,South,Home,Online,P-003,9,574.33,0.16,4341.93,270.52,4.57
2024-06-11,East,Beauty,Wholesale,P-021,8,348.21,0.14,2395.68,254.09,4.19
2024-06-11,East,Beauty,Online,P-021,4,191.61,0.06,720.45,149.61,3.03
2024-06-12,Central,Beauty,Retail,P-001,5,531.82,0.09,2419.78,606.54,4.72
2024-06-12,West,Home,Online,P-007,9,187.72,0.05,1605.01,573.04,3.37
2024-06-13,North,Apparel,Online,P-016,4,117.42,0.09,427.41,131.4,3.69
2024-06-13,South,Electronics,Retail,P-001,4,118.39,0.31,326.76,28.83,4.43
2024-06-14,West,Apparel,Online,P-023,3,568.13,0.23,1312.38,220.38,4.31
2024-06-15,North,Home,Wholesale,P-021,1,256.0,0.23,197.12,69.15,3.13
2024-06-16,West,Apparel,Online,P-015,4,202.25,0.2,647.2,87.79,4.63
2024-06-16,South,Electronics,Wholesale,P-037,10,646.87,0.08,5951.2,919.19,3.9
2024-06-17,South,Beauty,Retail,P-040,9,429.88,0.19,3133.83,1129.5,4.02
2024-06-17,Central,Books,Online,P-009,11,21.65,0.32,161.94,9.47,4.9
2024-06-17,South,Books,Retail,P-035,11,175.84,0.07,1798.84,547.03,3.61
2024-06-18,West,Sports,Online,P-021,7,575.32,0.02,3946.7,197.35,3.92
2024-06-19,South,Electronics,Online,P-038,4,185.43,0.19,600.79,190.4,4.39
2024-06-19,Central,Books,Online,P-038,3,11.02,0.33,22.15,2.51,3.41
2024-06-20,Central,Electronics,Wholesale,P-024,8,707.99,0.19,4587.78,1448.96,2.94
2024-06-20,South,Beauty,Online,P-024,6,766.06,0.14,3952.87,1395.76,2.76
2024-06-20,North,Books,Online,P-030,4,218.81,0.28,630.17,110.77,3.29
2024-06-21,South,Apparel,Online,P-002,9,545.03,0.23,3777.06,1231.92,2.52
2024-06-21,East,Beauty,Online,P-031,2,684.7,0.2,1095.52,194.1,4.2
2024-06-21,North,Electronics,Retail,P-032,11,18.01,0.02,194.15,70.17,3.89
2024-06-21,East,Home,Online,P-017,1,243.91,0.23,187.81,75.04,4.14
2024-06-21,North,Apparel,Online,P-009,1,722.24,0.27,527.24,157.61,2.91
2024-06-21,Central,Electronics,Online,P-036,4,205.67,0.1,740.41,38.67,3.28
2024-06-22,West,Electronics,Online,P-013,1,641.0,0.27,467.93,146.16,2.91
2024-06-22,North,Apparel,Online,P-036,9,709.13,0.26,4722.81,606.98,4.03
2024-06-22,Central,Beauty,Retail,P-037,11,636.08,0.23,5387.6,1442.65,2.66
2024-06-22,North,Beauty,Online,P-016,3,327.2,0.22,765.65,217.93,4.52
2024-06-23,North,Sports,Retail,P-008,9,358.88,0.2,2583.94,315.64,4.86
2024-06-23,East,Electronics,Online,P-025,11,77.84,0.05,813.43,281.01,3.09
2024-06-23,South,Apparel,Online,P-007,11,224.64,0.26,1828.57,533.26,3.7
2024-06-23,South,Beauty,Retail,P-018,2,383.42,0.16,644.15,42.8,2.95
2024-06-24,North,Apparel,Online,P-029,2,577.74,0.21,912.83,260.12,4.11
2024-06-25,West,Apparel,Retail,P-018,1,593.27,0.09,539.88,134.29,4.58
2024-06-26,Central,Electronics,Retail,P-010,4,571.99,0.19,1853.25,327.59,2.51
2024-06-26,East,Sports,Online,P-040,7,648.47,0.3,3177.5,195.89,4.51
2024-06-26,West,Sports,Online,P-020,7,504.47,0.08,3248.79,1233.44,4.98
2024-06-27,North,Home,Online,P-031,11,328.48,0.1,3251.95,1205.97,3.68
2024-06-27,North,Apparel,Wholesale,P-026,9,269.31,0.29,1720.89,605.21,3.89
2024-06-28,South,Electronics,Retail,P-022,4,127.27,0.25,381.81,77.39,3.62
2024-06-29,West,Home,Wholesale,P-035,11,701.82,0.27,5635.61,626.33,4.13
2024-06-29,South,Beauty,Online,P-016,6,117.96,0.19,573.29,154.97,3.89
2024-06-30,East,Beauty,Online,P-017,1,574.95,0.24,436.96,63.71,3.86
2024-06-30,North,Sports,Retail,P-035,7,382.92,0.26,1983.53,147.69,4.91
2024-07-01,North,Books,Wholesale,P-019,7,131.99,0.02,905.45,217.64,2.83
2024-07-01,North,Home,Retail,P-025,10,305.34,0.17,2534.32,370.75,3.06
2024-07-02,South,Apparel,Online,P-036,8,766.2,0.24,4658.5,648.77,3.17
2024-07-03,South,Beauty,Retail,P-022,11,680.83,0.03,7264.46,2612.91,3.73
2024-07-03,West,Electronics,Online,P-003,3,307.65,0.15,784.51,196.36,
2024-07-05,East,Sports,Retail,P-007,8,274.99,0.23,1693.94,660.05,2.85
2024-07-06,East,Apparel,Online,P-015,9,249.83,0.28,1618.9,257.32,2.73
2024-07-06,East,Sports,Online,P-037,7,750.67,0.19,4256.3,914.24,3.15
2024-07-07,East,Apparel,Online,P-006,5,188.27,0.08,866.04,318.94,4.49
2024-07-07,South,Books,Wholesale,P-004,11,14.42,0.13,138.0,13.63,3.55
2024-07-08,Central,Electronics,Online,P-003,3,370.49,0.06,1044.78,141.83,3.81
2024-07-08,West,Electronics,Retail,P-002,11,351.16,0.31,2665.3,216.47,4.02
2024-07-09,Central,Home,Retail,P-012,10,785.94,0.12,6916.27,1528.82,4.28
2024-07-09,North,Beauty,Retail,P-017,7,504.62,0.24,2684.58,415.39,3.83
2024-07-10,East,Home,Online,P-010,6,570.79,0.24,2602.8,301.31,4.91
2024-07-10,West,Apparel,Online,P-025,4,343.66,0.22,1072.22,370.64,4.17
2024-07-10,West,Beauty,Online,P-018,5,296.08,0.34,977.06,180.08,2.82
2024-07-11,South,Books,Retail,P-019,1,507.96,0.21,401.29,132.22,3.82
2024-07-11,West,Home,Online,P-015,7,322.66,0.06,2123.1,571.2,2.57
2024-07-12,South,Apparel,Online,P-033,8,14.28,0.32,77.68,20.47,4.44
2024-07-12,North,Beauty,Online,P-023,6,26.23,0.23,121.18,46.62,3.11
2024-07-13,Central,Beauty,Online,P-034,3,483.83,0.3,1016.04,202.16,4.15
2024-07-13,South,Books,Retail,P-019,7,538.89,0.28,2716.01,676.32,3.73
2024-07-14,South,Books,Online,P-006,11,285.41,0.22,2448.82,573.82,3.74
2024-07-15,South,Beauty,Online,P-007,9,484.26,0.16,3661.01,305.43,3.18
2024-07-15,South,Beauty,Retail,P-021,2,613.4,0.09,1116.39,77.76,4.91
2024-07-16,West,Books,Online,P-019,8,506.3,0.21,3199.82,1127.05,3.07
2024-07-16,North,Home,Wholesale,P-005,5,144.72,0.11,644.0,231.38,3.45
2024-07-16,North,Electronics,Online,P-038,1,600.2,0.24,456.15,40.0,4.47
2024-07-17,South,Beauty,Online,P-026,5,266.56,0.13,1159.54,433.73,4.94
2024-07-17,South,Apparel,Wholesale,P-024,8,120.89,0.26,715.67,132.99,4.18
2024-07-17,Central,Sports,Online,P-040,9,564.62,0.24,3862.0,1235.05,2.67
2024-07-17,East,Apparel,Retail,P-003,4,319.84,0.33,857.17,50.29,4.11
2024-07-18,South,Electronics,Retail,P-010,10,528.84,0.28,3807.65,815.58,4.99
2024-07-18,South,Books,Retail,P-001,6,103.9,0.26,461.32,62.79,4.44
2024-07-19,West,Apparel,Online,P-036,3,114.39,0.06,322.58,51.14,3.78
2024-07-19,North,Apparel,Retail,P-012,5,638.89,0.21,2523.62,281.83,2.96
2024-07-21,Central,Electronics,Online,P-027,10,138.24,0.24,1050.62,55.72,3.59
2024-07-21,West,Books,Retail,P-025,8,239.01,0.23,1472.3,75.34,
2024-07-21,Central,Books,Retail,P-040,1,174.07,0.22,135.77,38.26,4.04
2024-07-21,Central,Apparel,Wholesale,P-031,7,627.23,0.32,2985.61,638.27,2.94
2024-07-21,West,Home,Online,P-021,9,406.43,0.07,3401.82,1321.36,2.63
2024-07-22,West,Books,Online,P-018,4,100.37,0.06,377.39,44.66,4.77
2024-07-22,East,Home,Online,P-028,10,678.38,0.23,5223.53,1623.46,3.79
2024-07-22,West,Beauty,Online,P-030,5,406.68,0.0,2033.4,381.35,4.21
2024-07-23,South,Beauty,Retail,P-025,5,517.88,0.34,1709.0,403.07,4.97
2024-07-23,West,Apparel,Online,P-019,6,784.02,0.27,3434.01,413.91,4.47
2024-07-23,North,Apparel,Online,P-020,4,705.24,0.05,2679.91,419.14,2.68
2024-07-23,East,Apparel,Online,P-017,7,327.98,0.21,1813.73,454.08,2.94
2024-07-23,South,Apparel,Retail,P-034,8,221.23,0.19,1433.57,245.24,4.94
2024-07-23,West,Apparel,Online,P-030,7,312.3,0.26,1617.71,287.43,4.54
2024-07-23,East,Beauty,Online,P-005,10,406.8,0.16,3417.12,1003.28,2.88
2024-07-24,North,Sports,Online,P-035,5,672.52,0.07,3127.22,947.52,3.34
2024-07-24,South,Beauty,Online,P-019,10,631.79,0.05,6002.0,1176.86,2.88
2024-07-24,West,Sports,Online,P-008,7,620.53,0.04,4169.96,1476.06,2.95
2024-07-25,Central,Apparel,Online,P-016,7,385.64,0.28,1943.63,200.75,3.12
2024-07-25,South,Sports,Online,P-008,6,528.57,0.31,2188.28,144.95,4.26
2024-07-26,Central,Sports,Online,P-002,2,45.89,0.31,63.33,24.78,4.63
2024-07-26,East,Beauty,Retail,P-004,10,412.5,0.33,2763.75,750.59,2.77
2024-07-26,South,Home,Online,P-004,4,745.88,0.19,2416.65,465.52,2.78
2024-07-26,North,Apparel,Online,P-015,1,526.25,0.3,368.38,71.65,2.72
2024-07-26,South,Electronics,Retail,P-038,1,670.1,0.09,609.79,236.59,3.61
2024-07-27,East,Books,Retail,P-012,9,344.93,0.09,2824.98,740.26,3.9
2024-07-27,East,Apparel,Online,P-021,11,576.37,0.07,5896.27,1698.83,2.76
2024-07-27,North,Sports,Retail,P-008,5,56.35,0.18,231.04,79.85,3.04
2024-07-28,Central,Beauty,Retail,P-021,1,496.84,0.1,447.16,120.03,4.97
2024-07-28,Central,Apparel,Online,P-017,8,743.86,0.12,5236.77,1381.42,2.77
2024-07-28,East,Home,Retail,P-001,8,773.73,0.34,4085.29,1246.73,4.58
2024-07-28,West,Home,Wholesale,P-024,8,55.63,0.25,333.78,55.81,4.48
2024-07-29,North,Beauty,Retail,P-038,7,311.77,0.15,1855.03,180.32,3.56
2024-07-30,Central,Apparel,Online,P-039,10,390.87,0.09,3556.92,1389.44,2.65
2024-08-01,North,Apparel,Retail,P-031,10,701.6,0.25,5262.0,1223.63,2.61
2024-08-01,Central,Electronics,Retail,P-037,7,637.17,0.27,3255.94,858.45,3.95
2024-08-01,South,Electronics,Online,P-003,7,480.05,0.14,2889.9,668.69,3.6
2024-08-02,West,Apparel,Online,P-018,7,492.59,0.29,2448.17,393.02,2.97
2024-08-02,South,Books,Online,P-040,3,113.07,0.0,339.21,74.38,3.64
2024-08-02,West,Beauty,Online,P-015,3,709.08,0.12,1871.97,738.84,2.96
2024-08-03,South,Home,Online,P-021,6,84.94,0.33,341.46,113.1,2.73
2024-08-03,North,Sports,Online,P-005,9,735.68,0.23,5098.26,640.77,3.43
2024-08-03,North,Electronics,Retail,P-009,1,270.06,0.04,259.26,15.31,
2024-08-03,North,Beauty,Retail,P-013,7,56.44,0.3,276.56,31.8,4.29
2024-08-04,West,Home,Retail,P-010,8,590.59,0.34,3118.32,852.68,4.22
2024-08-04,North,Apparel,Retail,P-010,9,349.41,0.31,2169.84,663.11,4.25
2024-08-06,West,Apparel,Retail,P-026,7,672.94,0.02,4616.37,1018.96,4.45
2024-08-06,North,Sports,Online,P-018,7,781.47,0.19,4430.93,1011.2,3.37
2024-08-07,South,Home,Online,P-012,5,98.75,0.06,464.12,104.48,4.2
2024-08-07,North,Beauty,Retail,P-010,7,210.78,0.12,1298.4,394.11,3.39
2024-08-07,South,Beauty,Online,P-023,7,114.85,0.09,731.59,281.23,3.63
2024-08-07,Central,Books,Online,P-011,7,288.72,0.33,1354.1,70.31,4.12
2024-08-08,North,Books,Online,P-014,10,303.04,0.31,2090.98,615.52,4.27
2024-08-08,North,Apparel,Online,P-023,2,599.09,0.05,1138.27,334.58,3.74
2024-08-08,East,Apparel,Wholesale,P-020,7,285.78,0.3,1400.32,307.59,3.21
2024-08-08,West,Electronics,Online,P-040,4,50.25,0.07,186.93,69.15,4.34
2024-08-09,North,Sports,Online,P-039,11,566.79,0.06,5860.61,1582.97,4.59
2024-08-09,North,Home,Retail,P-032,10,692.16,0.14,5952.58,2212.66,4.33
2024-08-10,Central,Apparel,Wholesale,P-020,1,677.34,0.18,555.42,121.15,3.87
2024-08-10,West,Electronics,Wholesale,P-011,7,102.02,0.32,485.62,116.32,2.66
2024-08-10,North,Home,Online,P-030,11,489.69,0.05,5117.26,429.61,4.12
2024-08-10,South,Sports,Online,P-008,11,424.82,0.31,3224.38,921.2,3.38
2024-08-10,South,Books,Retail,P-037,9,322.05,0.15,2463.68,503.12,4.22
2024-08-12,North,Apparel,Online,P-015,9,529.8,0.2,3814.56,200.89,3.04
2024-08-12,North,Apparel,Online,P-023,7,578.55,0.25,3037.39,582.68,4.23
2024-08-13,East,Electronics,Wholesale,P-028,11,227.38,0.19,2025.96,143.45,4.17
2024-08-13,West,Books,Online,P-014,11,309.45,0.12,2995.48,1018.15,2.87
2024-08-13,East,Electronics,Retail,P-029,9,393.58,0.04,3400.53,1357.0,3.04
2024-08-13,East,Beauty,Retail,P-014,3,597.09,0.01,1773.36,536.01,3.75
2024-08-13,South,Sports,Retail,P-024,4,54.17,0.29,153.84,16.87,2.82
2024-08-16,Central,Electronics,Wholesale,P-010,3,750.48,0.06,2116.35,272.76,4.3
2024-08-17,East,Electronics,Online,P-039,6,157.51,0.16,793.85,174.64,2.94
2024-08-17,Central,Sports,Retail,P-034,3,525.38,0.16,1323.96,250.29,3.52
2024-08-19,Central,Beauty,Wholesale,P-017,2,604.16,0.13,1051.24,349.63,3.13
2024-08-19,North,Home,Online,P-014,7,482.87,0.02,3312.49,757.4,2.84
2024-08-21,West,Apparel,Online,P-027,3,169.44,0.01,503.24,91.82,3.33
2024-08-21,North,Electronics,Retail,P-011,9,418.91,0.04,3619.38,181.69,2.91
2024-08-22,North,Apparel,Retail,P-018,4,735.55,0.11,2618.56,467.97,4.24
2024-08-22,Central,Beauty,Wholesale,P-001,7,249.37,0.08,1605.94,376.85,3.98
2024-08-22,East,Books,Retail,P-004,4,89.36,0.05,339.57,42.48,4.62
2024-08-23,South,Electronics,Retail,P-008,3,27.7,0.23,63.99,8.65,3.22
2024-08-23,North,Electronics,Retail,P-005,10,102.27,0.27,746.57,253.42,2.98
2024-08-25,East,Home,Online,P-021,6,183.47,0.14,946.71,216.65,2.7
2024-08-25,North,Sports,Online,P-009,7,469.63,0.0,3287.41,216.09,4.9
2024-08-25,North,Beauty,Wholesale,P-035,2,96.18,0.02,188.51,48.08,4.01
2024-08-26,Central,Electronics,Wholesale,P-018,4,588.41,0.24,1788.77,203.85,3.32
2024-08-26,North,Books,Online,P-034,8,404.66,0.28,2330.84,417.09,4.28
2024-08-26,North,Beauty,Retail,P-018,9,742.0,0.09,6076.98,1444.48,2.67
2024-08-27,West,Beauty,Online,P-020,11,673.5,0.32,5037.78,1361.26,4.67
2024-08-27,South,Sports,Online,P-031,11,234.8,0.29,1833.79,451.54,3.5
2024-08-28,West,Apparel,Online,P-033,1,380.9,0.24,289.48,76.57,4.93
2024-08-28,East,Beauty,Retail,P-009,4,377.55,0.31,1042.04,182.58,3.51
2024-08-29,South,Books,Wholesale,P-035,9,111.42,0.08,922.56,310.18,3.42
2024-08-29,South,Sports,Online,P-026,3,214.48,0.33,431.1,111.75,4.14
2024-08-30,North,Beauty,Wholesale,P-009,9,446.76,0.35,2613.55,418.08,4.92
2024-08-30,West,Sports,Retail,P-002,5,75.8,0.28,272.88,33.45,4.44
2024-08-30,East,Apparel,Wholesale,P-015,9,586.1,0.15,4483.66,890.34,4.21
2024-08-31,West,Books,Retail,P-039,4,575.01,0.1,2070.04,786.73,2.81
2024-08-31,East,Books,Retail,P-020,11,485.39,0.22,4164.65,300.84,3.41
2024-09-01,South,Books,Retail,P-039,6,388.32,0.23,1794.04,112.44,3.07
2024-09-02,East,Books,Online,P-005,9,161.89,0.19,1180.18,131.08,3.55
2024-09-02,East,Home,Online,P-031,6,765.15,0.05,4361.35,1307.6,2.86
2024-09-03,Central,Electronics,Retail,P-021,1,692.44,0.16,581.65,186.52,4.89
2024-09-03,North,Sports,Online,P-027,6,774.37,0.2,3716.98,320.06,4.65
2024-09-03,East,Books,Online,P-011,7,44.3,0.26,229.47,74.61,2.93
2024-09-04,North,Sports,Wholesale,P-013,2,607.83,0.13,1057.62,352.44,3.36
2024-09-05,Central,Sports,Retail,P-031,7,465.35,0.23,2508.24,251.03,3.83
2024-09-05,North,Sports,Online,P-005,6,597.64,0.13,3119.68,932.44,4.42
2024-09-05,Central,Apparel,Wholesale,P-037,8,239.76,0.12,1687.91,181.0,4.43
2024-09-05,South,Beauty,Online,P-031,8,413.25,0.04,3173.76,810.51,4.62
2024-09-05,South,Books,Wholesale,P-019,1,151.7,0.24,115.29,15.86,3.42
2024-09-06,Central,Beauty,Wholesale,P-022,11,391.34,0.15,3659.03,1459.05,3.98
2024-09-06,East,Electronics,Retail,P-029,4,496.85,0.29,1411.05,135.5,4.64
2024-09-06,South,Electronics,Retail,P-033,10,29.0,0.22,226.2,72.37,4.67
2024-09-07,North,Books,Retail,P-024,8,671.19,0.31,3704.97,379.7,3.3
2024-09-07,West,Sports,Online,P-013,8,798.23,0.02,6258.12,974.45,3.54
2024-09-07,South,Books,Online,P-013,7,415.82,0.04,2794.31,273.69,3.29
2024-09-08,North,Sports,Online,P-014,10,84.96,0.11,756.14,74.27,3.41
2024-09-08,North,Beauty,Retail,P-005,5,340.53,0.11,1515.36,331.42,3.72
2024-09-09,West,Apparel,Wholesale,P-027,10,427.48,0.19,3462.59,243.45,4.47
2024-09-09,West,Books,Retail,P-005,2,417.95,0.09,760.67,245.08,3.51
2024-09-09,North,Electronics,Online,P-029,1,285.08,0.21,225.21,33.28,3.25
2024-09-10,East,Books,Retail,P-014,7,634.35,0.29,3152.72,761.5,4.18
2024-09-11,Central,Beauty,Retail,P-017,10,460.87,0.35,2995.66,543.06,4.55
2024-09-11,South,Books,Retail,P-017,4,255.99,0.03,993.24,208.77,3.49
2024-09-12,South,Sports,Online,P-020,7,276.17,0.28,1391.9,115.9,3.64
2024-09-12,North,Sports,Online,P-014,6,764.07,0.17,3805.07,1243.12,3.16
2024-09-12,North,Books,Retail,P-031,5,645.55,0.09,2937.25,251.08,3.28
2024-09-12,North,Electronics,Online,P-026,4,651.14,0.2,2083.65,392.82,3.57
2024-09-12,South,Apparel,Wholesale,P-040,7,581.1,0.11,3620.25,1213.09,3.06
2024-09-13,Central,Sports,Online,P-009,3,762.7,0.13,1990.65,274.32,3.8
2024-09-13,Central,Beauty,Wholesale,P-035,7,525.22,0.2,2941.23,273.31,3.77
2024-09-13,North,Beauty,Online,P-040,5,484.7,0.23,1866.1,534.8,4.6
2024-09-13,Central,Books,Online,P-027,9,191.49,0.31,1189.15,340.2,4.54
2024-09-14,Central,Home,Retail,P-007,10,523.63,0.09,4765.03,1435.87,4.58
2024-09-14,North,Beauty,Retail,P-013,7,498.23,0.34,2301.82,919.97,2.65
2024-09-14,North,Home,Retail,P-003,6,321.71,0.31,1331.88,128.18,3.71
2024-09-15,South,Home,Online,P-018,6,260.53,0.11,1391.23,74.93,3.25
2024-09-15,East,Books,Online,P-005,7,326.57,0.07,2125.97,738.44,2.93
2024-09-15,North,Books,Retail,P-018,9,172.81,0.1,1399.76,508.35,4.8
2024-09-15,West,Beauty,Retail,P-040,10,434.51,0.07,4040.94,1513.73,4.74
2024-09-16,East,Home,Online,P-034,6,645.72,0.29,2750.77,470.25,4.57
2024-09-16,West,Home,Online,P-001,11,62.39,0.15,583.35,204.74,2.83
2024-09-16,North,Electronics,Retail,P-038,10,278.45,0.28,2004.84,482.46,3.98
2024-09-17,West,Sports,Online,P-012,11,397.05,0.15,3712.42,1215.57,3.57
2024-09-17,South,Electronics,Retail,P-037,9,165.94,0.0,1493.46,335.75,3.05
2024-09-18,North,Apparel,Online,P-033,8,17.98,0.21,113.63,20.25,4.21
2024-09-18,West,Electronics,Retail,P-025,2,730.75,0.18,1198.43,437.7,3.56
2024-09-18,West,Electronics,Online,P-034,9,221.0,0.3,1392.3,437.12,2.95
2024-09-18,North,Home,Retail,P-025,3,403.95,0.26,896.77,266.26,3.68
2024-09-19,South,Home,Retail,P-011,6,704.49,0.24,3212.47,213.88,3.94
2024-09-20,South,Sports,Online,P-030,4,374.57,0.3,1048.8,58.99,4.61
2024-09-20,East,Apparel,Online,P-030,8,386.83,0.34,2042.46,813.96,2.95
2024-09-21,Central,Apparel,Online,P-013,11,634.43,0.26,5164.26,1406.25,3.62
2024-09-22,Central,Apparel,Wholesale,P-035,1,499.78,0.28,359.84,75.31,4.07
2024-09-22,East,Home,Online,P-018,9,100.42,0.06,849.55,83.54,4.91
2024-09-23,East,Electronics,Retail,P-034,1,594.42,0.08,546.87,215.65,4.31
2024-09-24,North,Books,Online,P-007,7,485.13,0.25,2546.93,631.02,4.4
2024-09-24,South,Books,Online,P-021,7,587.26,0.31,2836.47,358.31,4.88
2024-09-25,South,Books,Online,P-002,3,535.19,0.33,1075.73,410.29,4.57
2024-09-25,East,Sports,Retail,P-022,6,703.2,0.01,4177.01,511.04,4.62
2024-09-26,East,Sports,Online,P-025,3,276.45,0.34,547.37,87.11,4.3
2024-09-29,South,Sports,Online,P-009,6,603.43,0.1,3258.52,396.36,3.06
2024-09-30,South,Beauty,Online,P-019,1,464.73,0.28,334.61,95.41,3.11
2024-09-30,West,Sports,Wholesale,P-012,11,124.22,0.11,1216.11,333.04,3.44
2024-09-30,South,Home,Wholesale,P-020,4,609.6,0.23,1877.57,533.87,4.47
2024-09-30,East,Electronics,Retail,P-005,7,377.7,0.2,2115.12,337.93,2.61
2024-10-02,South,Sports,Online,P-013,2,310.72,0.17,515.8,58.47,3.37
2024-10-03,East,Beauty,Online,P-023,3,235.78,0.11,629.53,115.55,2.64
2024-10-03,Central,Books,Online,P-010,8,305.7,0.1,2201.04,611.86,4.56
2024-10-04,South,Sports,Online,P-005,3,245.59,0.19,596.78,78.96,4.04
2024-10-05,North,Sports,Online,P-016,6,343.4,0.1,1854.36,97.82,3.24
2024-10-05,North,Electronics,Retail,P-017,10,588.0,0.27,4292.4,1543.54,4.68
2024-10-07,North,Books,Online,P-030,2,260.56,0.29,370.0,83.43,4.62
2024-10-08,South,Apparel,Online,P-012,6,234.6,0.19,1140.16,285.93,4.28
2024-10-09,West,Sports,Online,P-027,5,427.57,0.21,1688.9,106.11,4.52
2024-10-09,Central,Electronics,Online,P-038,2,744.89,0.26,1102.44,279.08,3.83
2024-10-09,South,Sports,Retail,P-030,7,443.21,0.01,3071.45,933.94,4.73
2024-10-10,Central,Electronics,Wholesale,P-035,10,795.33,0.12,6998.9,1482.73,3.92
2024-10-11,North,Books,Wholesale,P-037,9,356.16,0.33,2147.64,598.39,4.65
2024-10-12,South,Sports,Online,P-038,4,515.13,0.01,2039.91,421.12,4.4
2024-10-12,South,Books,Online,P-004,11,754.78,0.08,7638.37,2116.19,3.66
2024-10-12,West,Books,Retail,P-005,10,37.22,0.27,271.71,27.2,2.98
2024-10-13,North,Home,Online,P-018,4,781.23,0.25,2343.69,313.83,3.24
2024-10-13,North,Beauty,Retail,P-035,10,85.9,0.02,841.82,162.5,3.67
2024-10-14,South,Sports,Retail,P-006,9,775.44,0.34,4606.11,423.69,4.13
2024-10-14,Central,Sports,Retail,P-002,5,111.95,0.17,464.59,106.61,2.76
2024-10-15,West,Beauty,Online,P-004,1,386.93,0.07,359.84,87.15,2.54
2024-10-16,West,Apparel,Online,P-038,2,690.38,0.2,1104.61,247.06,3.27
2024-10-16,Central,Apparel,Online,P-028,7,59.54,0.01,412.61,138.62,3.6
2024-10-16,North,Sports,Wholesale,P-033,3,137.85,0.17,343.25,85.64,4.31
2024-10-17,South,Sports,Wholesale,P-024,8,150.09,0.3,840.5,111.4,3.09
2024-10-17,East,Beauty,Online,P-026,1,272.2,0.13,236.81,66.5,3.38
2024-10-17,North,Books,Online,P-009,8,778.25,0.22,4856.28,621.03,2.91
2024-10-19,East,Books,Online,P-008,3,303.49,0.32,619.12,198.55,4.04
2024-10-20,South,Books,Online,P-022,2,256.0,0.33,343.04,102.68,2.82
2024-10-20,North,Electronics,Online,P-039,10,354.72,0.15,3015.12,321.91,3.66
2024-10-20,West,Books,Online,P-037,4,137.6,0.34,363.26,117.94,3.11
2024-10-20,West,Home,Online,P-008,4,557.45,0.02,2185.2,183.82,3.06
2024-10-21,South,Electronics,Online,P-020,8,91.13,0.04,699.88,254.62,3.31
2024-10-21,Central,Sports,Retail,P-001,1,327.84,0.15,278.66,69.37,3.56
2024-10-23,Central,Sports,Online,P-035,2,394.51,0.01,781.13,137.11,4.69
2024-10-23,East,Sports,Online,P-040,9,234.41,0.04,2025.3,548.02,2.76
2024-10-24,South,Books,Retail,P-005,7,458.87,0.26,2376.95,906.91,4.02
2024-10-24,Central,Books,Wholesale,P-030,6,639.96,0.22,2995.01,1083.05,4.46
2024-10-25,Central,Books,Retail,P-027,7,581.03,0.24,3091.08,354.25,3.99
2024-10-25,North,Home,Online,P-020,8,467.06,0.04,3587.02,606.38,4.14
2024-10-25,West,Apparel,Retail,P-036,1,187.15,0.01,185.28,21.8,3.37
2024-10-25,North,Electronics,Wholesale,P-025,11,403.68,0.18,3641.19,1408.53,3.48
2024-10-26,North,Home,Online,P-017,10,717.68,0.26,5310.83,2059.49,2.66
2024-10-29,North,Beauty,Online,P-033,4,443.36,0.11,1578.36,513.33,4.5
2024-10-30,West,Electronics,Online,P-029,2,656.42,0.09,1194.68,120.8,4.25
2024-10-30,Central,Sports,Online,P-008,10,464.57,0.21,3670.1,1137.3,2.53
2024-10-30,Central,Sports,Retail,P-007,4,415.21,0.34,1096.15,367.81,3.05
2024-10-30,Central,Beauty,Retail,P-037,9,96.82,0.09,792.96,227.87,3.73
2024-10-31,North,Apparel,Online,P-013,11,293.18,0.18,2644.48,615.47,3.7
2024-10-31,Central,Sports,Online,P-038,7,27.23,0.31,131.52,13.33,3.57
2024-11-01,Central,Home,Online,P-008,9,161.9,0.07,1355.1,505.9,2.8
2024-11-01,East,Electronics,Retail,P-036,9,461.8,0.1,3740.58,1413.2,4.78
2024-11-01,South,Home,Online,P-012,5,309.88,0.16,1301.5,398.22,3.04
2024-11-02,West,Books,Online,P-010,9,482.13,0.18,3558.12,401.64,
2024-11-02,West,Sports,Retail,P-028,6,505.15,0.08,2788.43,141.1,3.66
2024-11-02,East,Books,Online,P-006,9,649.15,0.2,4673.88,1076.87,3.34
2024-11-03,East,Apparel,Online,P-018,2,76.05,0.21,120.16,17.04,3.36
2024-11-03,East,Beauty,Online,P-031,9,369.02,0.1,2989.06,313.84,2.62
2024-11-03,East,Apparel,Retail,P-024,2,684.73,0.32,931.23,370.32,2.62
2024-11-04,North,Home,Retail,P-027,9,511.74,0.32,3131.85,1096.0,3.07
2024-11-05,North,Apparel,Online,P-034,9,249.13,0.14,1928.27,439.91,3.08
2024-11-06,South,Electronics,Retail,P-012,4,663.07,0.04,2546.19,988.54,3.35
2024-11-06,South,Apparel,Retail,P-015,6,360.42,0.0,2162.52,217.78,2.77
2024-11-06,Central,Apparel,Online,P-018,8,566.5,0.1,4078.8,1417.65,4.67
2024-11-06,Central,Home,Retail,P-011,7,213.27,0.29,1059.95,369.86,3.88
2024-11-06,East,Electronics,Retail,P-014,2,234.87,0.21,371.09,51.1,5.0
2024-11-06,West,Apparel,Online,P-032,2,578.55,0.31,798.4,150.69,3.16
2024-11-07,West,Beauty,Retail,P-021,7,703.92,0.06,4631.79,1018.65,4.61
2024-11-07,Central,Sports,Online,P-037,7,305.53,0.08,1967.61,771.17,4.66
2024-11-08,West,Sports,Online,P-031,10,725.55,0.32,4933.74,1111.13,4.29
2024-11-08,Central,Books,Online,P-021,6,258.22,0.08,1425.37,447.62,3.5
2024-11-08,East,Sports,Online,P-017,5,354.77,0.21,1401.34,369.06,4.3
2024-11-08,South,Beauty,Retail,P-019,8,279.58,0.23,1722.21,119.34,4.87
2024-11-10,East,Sports,Online,P-017,4,614.72,0.02,2409.7,391.68,3.77
2024-11-10,North,Beauty,Online,P-021,1,309.43,0.27,225.88,89.42,3.38
2024-11-10,North,Home,Online,P-024,8,714.98,0.04,5491.05,1688.7,4.19
2024-11-11,North,Home,Retail,P-022,5,26.62,0.24,101.16,26.43,2.99
2024-11-12,North,Sports,Wholesale,P-037,10,694.33,0.01,6873.87,887.06,2.8
2024-11-12,Central,Books,Retail,P-010,4,216.19,0.2,691.81,130.64,2.55
2024-11-13,West,Apparel,Retail,P-014,5,574.02,0.02,2812.7,1114.58,3.13
2024-11-13,South,Sports,Online,P-011,11,522.79,0.18,4715.57,1394.28,4.84
2024-11-14,West,Electronics,Retail,P-012,1,584.37,0.1,525.93,179.72,4.65
2024-11-14,South,Books,Retail,P-009,9,728.88,0.29,4657.54,265.78,3.07
2024-11-14,East,Beauty,Retail,P-019,2,698.87,0.01,1383.76,272.06,4.04
2024-11-14,South,Home,Online,P-007,7,371.3,0.14,2235.23,429.41,2.73
2024-11-14,West,Home,Online,P-024,2,545.53,0.33,731.01,111.25,4.11
2024-11-15,South,Apparel,Wholesale,P-035,10,39.0,0.35,253.5,50.56,3.77
2024-11-15,North,Apparel,Online,P-018,6,517.38,0.02,3042.19,1054.86,3.63
2024-11-15,East,Home,Retail,P-019,11,452.98,0.34,3288.63,282.2,2.76
2024-11-16,North,Books,Online,P-019,6,396.1,0.34,1568.56,504.81,4.74
2024-11-17,South,Books,Wholesale,P-022,7,276.61,0.09,1762.01,618.85,3.98
2024-11-17,North,Beauty,Online,P-013,11,568.33,0.27,4563.69,693.6,3.35
2024-11-17,East,Apparel,Online,P-037,9,161.6,0.09,1323.5,282.37,3.26
2024-11-21,Central,Apparel,Retail,P-020,11,143.54,0.19,1278.94,498.9,3.56
2024-11-21,North,Electronics,Online,P-006,11,656.34,0.32,4909.42,345.2,4.37
2024-11-22,North,Home,Wholesale,P-030,5,530.27,0.12,2333.19,517.81,4.51
2024-11-22,Central,Home,Retail,P-037,11,575.1,0.04,6073.06,1646.47,3.2
2024-11-23,South,Apparel,Online,P-027,2,85.76,0.23,132.07,7.32,3.8
2024-11-23,North,Beauty,Online,P-023,10,314.97,0.11,2803.23,429.98,3.77
2024-11-23,East,Books,Online,P-038,8,728.8,0.29,4139.58,1274.31,4.34
2024-11-23,East,Beauty,Retail,P-039,5,562.46,0.15,2390.46,220.27,4.5
2024-11-24,South,Electronics,Online,P-036,10,93.44,0.14,803.58,88.42,4.39
2024-11-25,Central,Home,Retail,P-032,2,520.48,0.2,832.77,59.49,2.82
2024-11-25,North,Apparel,Online,P-028,8,314.29,0.13,2187.46,191.79,3.97
2024-11-26,East,Home,Retail,P-015,4,731.2,0.2,14923.839644961641,3888.0331358629674,4.19
2024-11-26,West,Books,Online,P-028,5,300.33,0.34,991.09,146.29,3.77
2024-11-26,East,Beauty,Online,P-011,4,573.91,0.11,2043.12,325.3,3.91
2024-11-27,West,Beauty,Retail,P-028,4,727.16,0.06,2734.12,809.82,4.03
2024-11-28,Central,Apparel,Online,P-005,9,733.91,0.33,4425.48,873.37,3.1
2024-11-28,West,Books,Retail,P-025,3,380.23,0.14,980.99,229.85,2.85
2024-11-30,North,Beauty,Online,P-017,9,661.34,0.01,5892.54,892.53,4.42
2024-11-30,East,Sports,Retail,P-009,2,637.98,0.19,1033.53,99.53,3.22
2024-11-30,West,Books,Online,P-018,8,349.2,0.25,2095.2,407.36,3.02
2024-11-30,East,Beauty,Retail,P-014,1,30.4,0.33,20.37,5.45,4.84
2024-12-01,South,Sports,Retail,P-009,9,44.87,0.09,367.49,80.97,3.8
2024-12-01,East,Books,Wholesale,P-026,6,128.11,0.0,768.66,85.75,
2024-12-01,East,Beauty,Online,P-005,11,301.85,0.25,2490.26,197.56,2.99
2024-12-01,South,Electronics,Online,P-022,5,125.26,0.11,557.41,179.23,4.63
2024-12-01,North,Books,Online,P-018,7,479.09,0.18,2749.98,1059.44,3.81
2024-12-02,West,Sports,Online,P-017,7,423.79,0.25,2224.9,627.54,3.25
2024-12-02,East,Apparel,Retail,P-031,1,243.3,0.23,187.34,71.14,2.79
2024-12-02,East,Home,Online,P-040,10,734.15,0.29,5212.46,625.87,2.66
2024-12-02,West,Electronics,Online,P-012,10,23.29,0.14,200.29,77.08,4.9
2024-12-03,East,Beauty,Online,P-023,1,692.45,0.19,560.88,101.35,2.76
2024-12-03,North,Books,Online,P-010,7,467.62,0.1,2946.01,798.08,3.88
2024-12-03,South,Electronics,Wholesale,P-016,3,791.92,0.2,1900.61,426.99,3.66
2024-12-03,South,Beauty,Retail,P-019,7,72.58,0.31,350.56,86.91,4.8
2024-12-04,West,Electronics,Online,P-016,6,347.66,0.09,1898.22,374.44,4.55
2024-12-04,South,Beauty,Online,P-023,7,565.83,0.06,3723.16,493.05,3.4
2024-12-04,East,Sports,Online,P-034,1,502.45,0.12,442.16,77.59,4.76
2024-12-04,West,Electronics,Online,P-034,7,570.29,0.28,2874.26,506.26,2.92
2024-12-04,North,Beauty,Online,P-014,2,731.93,0.14,1258.92,282.4,3.2
2024-12-06,East,Electronics,Retail,P-014,4,685.7,0.28,1974.82,261.59,2.6
2024-12-06,West,Apparel,Online,P-019,3,95.79,0.21,227.02,89.33,2.86
2024-12-07,North,Electronics,Retail,P-025,11,620.43,0.24,5186.79,291.38,3.53
2024-12-07,South,Books,Online,P-022,10,181.77,0.06,1708.64,177.01,4.6
2024-12-07,East,Apparel,Retail,P-013,4,327.12,0.15,1112.21,362.26,4.74
2024-12-08,North,Apparel,Retail,P-031,8,93.01,0.32,505.97,153.58,3.68
2024-12-08,East,Books,Online,P-027,8,239.03,0.16,1606.28,314.42,4.55
2024-12-08,North,Electronics,Online,P-017,4,226.15,0.09,823.19,238.83,3.23
2024-12-08,West,Electronics,Retail,P-018,5,365.32,0.31,1260.35,240.2,3.41
2024-12-09,South,Sports,Wholesale,P-031,10,316.72,0.11,2818.81,205.59,3.54
2024-12-09,Central,Beauty,Retail,P-008,5,165.45,0.13,719.71,120.3,2.53
2024-12-10,North,Sports,Wholesale,P-018,7,424.46,0.23,2287.84,485.87,4.8
2024-12-10,Central,Books,Online,P-013,4,298.15,0.23,918.3,189.37,4.24
2024-12-11,North,Sports,Online,P-028,8,581.59,0.15,3954.81,1331.31,2.81
2024-12-11,South,Sports,Online,P-017,5,400.97,0.06,1884.56,465.63,3.63
2024-12-12,Central,Home,Retail,P-017,8,482.08,0.35,2506.82,537.54,3.48
2024-12-13,North,Books,Retail,P-016,10,565.56,0.19,4581.04,1326.0,3.49
2024-12-14,East,Electronics,Retail,P-023,2,484.75,0.19,785.3,295.06,2.52
2024-12-14,Central,Beauty,Online,P-016,5,315.97,0.1,1421.87,269.0,4.89
2024-12-16,North,Sports,Online,P-024,2,175.9,0.25,263.85,96.09,4.72
2024-12-16,North,Electronics,Online,P-030,3,291.48,0.25,655.83,189.29,4.49
2024-12-16,North,Beauty,Online,P-035,10,594.5,0.1,5350.5,740.74,3.86
2024-12-16,East,Beauty,Online,P-008,11,644.65,0.35,4609.25,1258.6,4.48
2024-12-16,Central,Apparel,Online,P-008,7,796.52,0.32,3791.44,526.74,2.85
2024-12-17,Central,Sports,Retail,P-034,2,708.29,0.13,1232.42,356.0,2.8
2024-12-18,South,Beauty,Online,P-021,6,159.55,0.01,947.73,191.82,3.71
2024-12-19,West,Apparel,Online,P-033,10,14.46,0.07,134.48,26.55,3.4
2024-12-19,Central,Electronics,Online,P-038,9,262.24,0.13,2053.34,155.86,2.87
2024-12-19,West,Electronics,Online,P-027,2,180.71,0.26,267.45,67.32,4.29
2024-12-19,West,Apparel,Online,P-015,10,587.62,0.24,4465.91,1047.18,4.64
2024-12-19,West,Electronics,Online,P-019,2,136.34,0.33,182.7,18.48,3.88
2024-12-20,West,Electronics,Online,P-018,2,789.89,0.14,1358.61,441.47,3.83
2024-12-21,East,Home,Wholesale,P-034,8,470.56,0.05,3576.26,1110.54,4.69
2024-12-23,South,Beauty,Retail,P-016,2,224.54,0.15,381.72,129.91,4.18
2024-12-23,Central,Beauty,Online,P-010,10,672.73,0.13,5852.75,754.5,2.87
2024-12-23,South,Home,Online,P-025,10,368.1,0.22,2871.18,295.09,2.75
2024-12-24,North,Beauty,Retail,P-035,1,764.22,0.18,626.66,118.98,4.42
2024-12-25,West,Sports,Online,P-006,9,404.91,0.28,2623.82,416.42,3.1
2024-12-25,West,Electronics,Retail,P-034,10,493.54,0.24,3750.9,252.98,3.75
2024-12-27,South,Sports,Online,P-019,1,166.27,0.26,123.04,14.24,2.82
2024-12-27,West,Books,Retail,P-013,7,312.43,0.05,2077.66,229.7,3.09
2024-12-27,North,Beauty,Wholesale,P-009,6,631.25,0.34,2499.75,642.24,4.72
2024-12-27,Central,Sports,Retail,P-040,5,312.34,0.2,1249.36,474.75,3.91
2024-12-28,North,Sports,Online,P-001,3,366.34,0.23,846.25,174.98,3.23
2024-12-28,Central,Home,Retail,P-029,4,632.58,0.34,1670.01,532.26,3.79
2024-12-28,West,Sports,Wholesale,P-028,7,554.58,0.15,3299.75,540.76,3.67
2024-12-29,North,Home,Online,P-020,1,137.26,0.13,119.42,33.76,4.46
2024-12-29,East,Sports,Online,P-035,7,432.3,0.21,2390.62,866.54,2.8
2024-12-29,South,Electronics,Wholesale,P-034,9,434.09,0.21,3086.38,1059.55,4.58
2024-12-30,South,Beauty,Online,P-030,9,722.37,0.03,6306.29,2370.83,4.02
2024-12-30,East,Apparel,Retail,P-009,9,775.58,0.15,5933.19,2132.91,2.89
